timestamp,emg1,emg2,emg3,emg4,emg5,emg6,emg7,emg8
1516786562939576,2,5,26,26,7,2,2,1
1516786562939576,2,1,-3,7,-1,-3,-2,-1
1516786562940579,-5,-6,-7,-16,-7,-4,-3,-4
1516786562940579,-2,-5,-14,-13,-1,1,0,-1
1516786562945595,0,-1,3,-5,-2,0,2,0
1516786562945595,-1,-3,-9,-10,-2,-1,1,-2
1516786562946596,1,5,22,35,2,0,0,2
1516786562946596,-3,-6,-19,-14,-3,-5,-2,-4
1516786562951614,0,0,3,-2,-1,1,-1,-1
1516786562951614,0,6,8,16,4,1,-1,-1
1516786562961650,0,-1,0,-16,-7,-4,-1,-2
1516786562961650,3,5,20,25,12,6,2,1
1516786562974670,-5,-12,-26,-19,-9,-8,-5,-4
1516786562974670,-1,-3,8,-7,-14,-2,-2,1
1516786562981695,1,2,7,28,36,9,2,1
1516786562981695,-1,0,-6,-18,-10,-6,-4,-4
1516786562989710,2,2,3,3,-3,0,1,0
1516786562989710,1,0,1,-11,14,6,2,0
1516786563005907,-3,-4,-12,-7,-15,-7,-3,-3
1516786563005907,0,2,23,51,-2,-2,1,1
1516786563011775,-5,-7,-42,-46,-14,-6,-4,-6
1516786563011775,-2,0,17,0,-6,-2,-1,-1
1516786563059913,-2,-6,-24,-8,-3,-2,-3,-3
1516786563059913,2,2,29,-66,-29,-8,-5,0
1516786563060983,0,-4,-6,25,10,7,5,1
1516786563060983,0,9,2,35,2,-6,-1,-1
1516786563060983,-2,-9,7,-3,5,6,3,2
1516786563060983,-5,0,2,-12,-20,-20,-13,-7
1516786563064909,0,-5,-27,-27,-27,-4,7,3
1516786563064909,4,12,49,43,35,20,12,2
1516786563071078,0,-4,-24,22,7,-18,-4,3
1516786563071078,-9,-10,-43,-46,-37,-8,-17,-13
1516786563078958,4,8,53,67,78,44,30,6
1516786563078958,0,5,15,-14,-4,5,3,3
1516786563087971,1,7,26,32,5,13,6,-3
1516786563087971,5,3,10,13,44,15,2,6
1516786563101005,0,-2,-11,-7,-23,0,-5,2
1516786563101005,-5,-14,-34,-53,9,-6,-7,-6
1516786563110029,-3,7,43,28,1,-5,-12,-8
1516786563110029,-1,-4,-24,-7,-14,-7,2,-1
1516786563116047,-3,2,7,-10,-28,-22,-13,-9
1516786563116047,-6,-10,-18,17,-11,-28,-11,-6
1516786563131086,1,-1,-21,-77,-49,-17,-8,-2
1516786563131086,-2,2,9,38,20,4,11,2
1516786563138103,-1,2,-5,-6,16,9,-1,0
1516786563138103,1,-4,3,6,5,7,2,3
1516786563147300,-2,-4,-17,-25,19,19,3,1
1516786563147300,0,2,13,44,17,-1,2,-1
1516786563161385,-2,-6,-26,-34,-21,-24,-13,-6
1516786563161385,-3,-1,-2,-5,-34,-14,-7,-3
1516786563170191,0,4,-1,-23,-5,0,5,2
1516786563170191,3,3,15,23,19,15,6,5
1516786563176352,-5,-9,-3,-30,-29,-19,-5,-3
1516786563176352,2,-2,-8,-5,21,12,2,0
1516786563191392,-2,0,-19,19,8,7,0,1
1516786563191392,1,0,3,19,-8,-9,-1,0
1516786563198417,-4,-7,-8,-36,-15,-16,-8,-4
1516786563198417,-1,-5,-33,-20,3,16,5,0
1516786563207377,2,3,0,-6,-3,-10,2,1
1516786563207377,-3,-7,5,18,1,7,-1,-5
1516786563221481,1,4,9,19,20,4,1,0
1516786563221481,-2,1,-9,-11,-20,-6,-3,-4
1516786563230350,-8,-12,0,22,-2,-2,-4,0
1516786563230350,1,0,-11,-6,-1,-10,0,1
1516786563236512,7,7,-6,-3,-8,1,-2,0
1516786563236512,-8,-16,-44,-26,-6,-8,-6,-11
1516786563251560,-4,10,17,-3,-7,-7,-1,-9
1516786563251560,-11,-20,-5,29,5,-1,-1,-3
1516786563258551,1,-1,-9,-4,5,8,2,9
1516786563258551,2,5,12,-11,-7,-1,-2,1
1516786563267447,1,0,1,-3,-2,-5,2,-9
1516786563267447,-1,-2,-14,-12,-3,1,2,3
1516786563281486,3,5,8,8,0,0,-1,1
1516786563281486,-3,-3,1,12,0,-6,-2,-1
1516786563290539,2,0,13,-15,-1,-3,0,3
1516786563290539,8,4,1,-17,-2,3,2,2
1516786563296525,-14,-7,0,49,10,-2,-5,-13
1516786563296525,6,8,14,-65,-13,-3,0,4
1516786563311779,-5,-8,-15,0,1,4,-2,1
1516786563311779,2,5,31,16,-3,0,-4,-3
1516786563318585,0,-4,-31,-17,-1,-12,-6,-3
1516786563318585,1,-2,23,27,-2,4,4,0
1516786563327609,-5,-1,-1,-1,3,17,13,1
1516786563327609,2,3,-8,-18,-3,-8,-7,-1
1516786563341646,-3,-4,4,2,-9,-9,-2,-5
1516786563341646,0,1,6,12,12,24,20,6
1516786563348824,4,-2,3,7,5,-4,-6,0
1516786563348824,-3,1,-3,17,2,5,1,-1
1516786563355713,-1,-3,-5,-57,-10,-10,-11,-3
1516786563355713,1,-2,-1,11,-8,-11,-10,-2
1516786563371744,2,-3,-2,-5,-3,3,5,4
1516786563371744,-6,-3,-12,-18,-2,-1,0,-3
1516786563378772,2,1,6,11,-2,-2,-4,-1
1516786563378772,-1,-3,-1,7,-1,-5,0,-1
1516786563387799,-1,-3,-12,-45,-9,-3,-3,-2
1516786563387799,-3,-1,-2,-5,2,-2,-3,-1
1516786563401968,-2,2,8,18,4,5,3,-1
1516786563401968,0,0,4,5,0,-4,-5,-2
1516786563408977,-1,-3,-9,9,2,-4,-5,-1
1516786563408977,1,0,0,1,1,1,1,-1
1516786563415996,-1,1,6,-7,0,2,-12,-6
1516786563415996,3,-1,-8,2,-1,-3,12,2
1516786563430896,-16,-3,3,11,-3,-10,-16,-8
1516786563430896,4,1,-6,-11,-3,2,5,4
1516786563439055,-2,-1,-1,4,5,4,-10,-4
1516786563439055,-2,0,5,16,1,2,-5,-6
1516786563447930,10,0,5,-3,-4,-5,5,7
1516786563447930,-3,-2,-4,-10,-1,2,-3,-4
1516786563461997,-3,-3,-6,12,4,0,4,-1
1516786563461997,0,3,4,-1,-1,-6,-13,-6
1516786563468984,0,0,-1,10,2,-2,0,-2
1516786563468984,-5,-4,-6,8,-2,-3,2,-2
1516786563476228,3,-1,-3,-9,-1,4,2,3
1516786563476228,-6,-5,-2,24,0,0,-1,0
1516786563491082,10,11,7,-20,-4,1,3,4
1516786563491082,0,-1,-5,1,3,-1,-1,0
1516786563498075,-2,-2,6,2,-2,0,8,0
1516786563498075,-6,-3,-4,-3,0,-2,-1,-3
1516786563507303,1,-3,-5,22,2,-2,0,-1
1516786563507303,3,2,-18,-38,-4,-1,-4,1
1516786563522127,1,1,13,20,1,-1,1,2
1516786563522127,0,2,-7,-49,-9,-5,-4,0
1516786563528143,-1,0,4,0,1,-1,-8,-4
1516786563528143,-1,-1,-9,-4,-2,-1,1,-3
1516786563536164,0,6,32,18,4,0,4,0
1516786563536164,-3,-7,-25,-15,-6,-9,-5,-2
1516786563551204,-1,-2,-4,4,-1,0,-1,-3
1516786563551204,0,-1,12,23,-2,1,-2,0
1516786563558376,-4,-2,-4,8,-3,-1,1,1
1516786563558376,5,5,8,1,2,4,0,3
1516786563567488,-4,-11,-36,-27,-4,0,-1,1
1516786563567488,-2,-5,2,-47,-7,-4,-1,-1
1516786563582303,4,2,1,5,0,1,1,1
1516786563582303,0,-9,-35,3,-1,-1,-2,-1
1516786563597357,1,5,16,21,6,4,3,-2
1516786563597357,-16,-8,-7,22,0,2,-1,-7
1516786563597357,1,3,6,-6,-6,-1,1,11
1516786563597357,10,4,9,-28,-2,-2,-1,1
1516786563611593,2,1,6,21,4,-3,0,1
1516786563611593,1,-7,-1,-5,-8,-8,-5,-6
1516786563618528,-1,6,9,2,2,-3,0,-3
1516786563618528,-7,-4,-17,15,-4,-2,-1,-1
1516786563627504,-4,-5,-3,3,2,1,-1,-4
1516786563627504,4,1,4,-26,0,2,-1,1
1516786563641444,-6,-6,-11,-10,-2,2,0,-3
1516786563641444,1,6,9,-1,-2,2,0,2
1516786563648463,-3,-3,22,8,3,1,-1,-3
1516786563648463,2,8,-23,6,-1,-3,0,1
1516786563664506,0,-11,-21,-6,1,1,0,-1
1516786563664506,-4,-2,18,7,-1,1,-3,-3
1516786563671525,8,16,6,7,-1,1,1,2
1516786563671525,-5,-7,20,48,9,1,1,1
1516786563678543,5,14,-20,-53,-9,-9,-5,-7
1516786563678543,-4,-14,-16,10,11,0,-1,-7
1516786563687570,7,4,22,7,-2,-1,5,22
1516786563687570,-2,11,-69,-33,-8,-7,-7,-7
1516786563701604,-4,-14,32,18,-4,-1,-2,-3
1516786563701604,-8,-7,-20,-2,0,-6,-2,-7
1516786563708623,0,2,13,10,-4,-10,-5,-9
1516786563708623,7,8,-22,-28,6,13,7,4
1516786563724802,-8,-14,-61,-6,5,-1,0,-4
1516786563724802,0,1,-4,-5,-5,0,-1,0
1516786563738734,-5,-3,4,2,-2,-4,-5,-2
1516786563738734,0,-6,40,19,2,-3,2,4
1516786563739704,-7,-15,-86,-24,-18,-8,-6,-7
1516786563739704,0,15,79,12,11,10,3,3
1516786563747727,0,14,62,23,-1,6,-1,-2
1516786563747727,-5,-20,-4,-16,-11,-25,-9,-2
1516786563761763,3,2,27,6,7,2,4,3
1516786563761763,3,13,39,26,23,36,13,5
1516786563768781,1,2,-8,-6,25,22,5,0
1516786563768781,1,2,10,9,-4,2,-5,-4
1516786563783823,1,1,12,4,-12,-15,-4,-3
1516786563783823,-2,-4,-28,-8,-20,-21,-7,-1
1516786563791049,-8,-13,-8,-13,-10,-4,-3,-6
1516786563791049,-3,-6,2,8,0,-2,1,0
1516786563799083,0,5,24,6,-5,-4,-4,0
1516786563799083,0,4,27,7,0,2,-6,-1
1516786563807887,0,-6,-30,-11,0,-7,-5,-2
1516786563807887,2,6,-2,1,-1,-3,2,-2
1516786563822145,3,4,8,1,5,0,0,-1
1516786563822145,-1,-9,-31,-8,-7,-15,-3,-13
1516786563829172,-2,-1,-22,-9,-8,-13,-1,-7
1516786563829172,-2,-2,7,2,0,4,3,-1
1516786563844134,-2,2,18,5,6,14,5,3
1516786563844134,-3,-2,15,6,0,1,0,8
1516786563851155,-6,-37,-21,-11,-8,-1,-1,4
1516786563851155,-1,-12,8,7,3,9,2,4
1516786563859167,-2,-10,15,2,2,2,-2,1
1516786563859167,0,-27,-30,-8,-7,-14,-5,-1
1516786563867055,-2,-28,-11,-4,1,1,0,-3
1516786563867055,-1,-56,0,-2,-2,-1,-2,-3
1516786563882235,1,-121,-15,-2,1,-5,-2,-4
1516786563882235,0,-120,-16,-4,-4,-6,-2,-3
1516786563889155,0,74,7,2,-2,-1,0,-4
1516786563889155,0,112,-2,2,3,-1,-1,-1
1516786563904143,-2,127,0,-1,1,3,-1,1
1516786563904143,-3,110,-27,-12,-3,0,-1,0
1516786563911389,-2,42,-4,-3,-1,-1,-2,-1
1516786563911389,0,20,6,3,-1,-1,-2,-3
1516786563919216,0,37,8,0,0,1,1,0
1516786563919216,0,18,9,4,0,-1,0,1
1516786563927407,-4,10,-20,-6,-5,-5,-1,-1
1516786563927407,0,19,2,-1,-1,-1,-1,-1
1516786563942250,-2,-17,-1,-1,0,1,0,0
1516786563942250,-2,-1,1,-1,-3,-3,-2,-2
1516786563948272,-2,-40,-11,-6,-2,-4,-1,-2
1516786563948272,0,-10,-7,-1,0,0,-1,-1
1516786563964499,0,30,-14,1,2,0,0,0
1516786563964499,-1,127,-48,-1,-2,-4,0,0
1516786563971322,-1,127,-98,-4,-1,-4,-2,-2
1516786563971322,0,124,-111,0,0,-6,-2,-1
1516786563978492,-1,15,-54,-3,0,-5,-3,-4
1516786563978492,-2,-53,-1,-5,-3,-2,-3,-3
1516786563993522,0,-128,41,-2,-2,2,-1,0
1516786563993522,-2,-128,91,1,-2,5,0,0
1516786564002411,-2,-111,84,-2,-1,1,-1,0
1516786564002411,-2,-50,87,-3,1,2,1,0
1516786564008570,-1,28,86,-7,-3,1,-1,1
1516786564008570,-2,27,44,-6,-1,-3,1,1
1516786564024464,-1,45,27,-2,0,-2,1,-3
1516786564024464,0,11,1,0,1,-1,-2,-1
1516786564031514,-1,-28,-29,0,0,-2,-1,-1
1516786564031514,0,-94,-13,0,-2,-1,-1,-1
1516786564047536,-2,-127,-12,4,0,1,1,1
1516786564047536,-2,-116,-14,5,-2,1,2,-2
1516786564053754,-1,-64,-6,3,0,0,-1,-2
1516786564053754,-3,-17,-6,2,-2,-2,-3,0
1516786564061570,1,38,-16,-2,-3,-2,0,-1
1516786564061570,1,46,-21,-3,0,-3,-1,-1
1516786564069614,-1,48,-15,-4,-2,-2,-1,-2
1516786564069614,1,36,-5,-2,-1,-2,0,-2
1516786564084623,0,46,-16,-2,-1,-1,-1,2
1516786564084623,0,41,-12,-3,-1,-2,-2,0
1516786564090639,0,7,-12,0,-1,-3,0,-3
1516786564090639,-2,11,-3,0,0,-2,-2,-3
1516786564106826,1,0,-4,-1,0,-1,-1,-1
1516786564106826,-1,-2,0,1,-2,-2,1,-2
1516786564113702,-1,-11,0,0,0,-1,-1,0
1516786564113702,-2,-10,4,-1,0,3,-2,0
1516786564121721,-1,11,-2,-1,0,-2,-1,-1
1516786564121721,-1,-2,1,-1,-4,-2,-1,-1
1516786564129743,-3,-6,1,-2,-2,-1,-2,-1
1516786564129743,-1,0,4,0,0,-2,-1,-1
1516786564143778,-1,-3,-3,0,0,-1,-1,0
1516786564143778,-1,0,0,-1,0,-1,-1,0
1516786564150799,-2,-4,-2,0,-2,-2,0,-1
1516786564150799,-1,-4,3,0,-1,-1,0,-1
1516786564166840,-1,1,-2,-2,-2,1,-3,-1
1516786564166840,1,-1,-1,-1,-2,0,-1,-1
1516786564173860,-1,2,1,-2,0,-1,-2,0
1516786564173860,-2,-11,-2,-1,0,-3,1,0
1516786564190121,-1,-15,-5,-1,-3,-1,0,-2
1516786564190121,-1,-20,-2,0,-1,-3,0,-1
1516786564191908,0,-23,-3,-2,-1,0,-1,-1
1516786564191908,-1,2,-4,-1,-2,1,-2,-2
1516786564204955,0,9,-3,-2,-1,-1,-1,-2
1516786564204955,-1,4,-2,-2,1,-1,-2,1
1516786564219196,-1,0,-6,1,-2,0,-1,0
1516786564219196,0,-14,-6,0,-1,0,0,0
1516786564227213,-1,-16,-2,-2,-1,0,1,-2
1516786564227213,-1,-19,-3,-1,0,0,0,-3
1516786564234033,-2,-20,4,0,1,1,-1,0
1516786564234033,-1,-4,-6,-3,-2,-1,-1,-1
1516786564250214,-1,19,-8,-2,-4,-3,-2,1
1516786564250214,-1,43,7,-1,-1,1,-2,-1
1516786564252124,0,50,-3,-3,0,0,-2,0
1516786564252124,-2,36,1,0,1,0,1,0
1516786564264125,-2,33,7,1,1,0,-1,-1
1516786564264125,-2,12,-5,-3,-3,-4,-1,1
1516786564271271,0,-5,-2,-1,-2,0,-1,2
1516786564271271,-1,-11,1,-2,-2,0,-2,0
1516786564287305,2,-21,1,-5,-1,-2,-1,1
1516786564287305,-2,-14,5,0,-1,1,-1,-1
1516786564294204,-4,-8,13,-3,2,-4,-5,-4
1516786564294204,0,-5,16,-3,-2,-4,-3,-2
1516786564310360,-2,8,9,-1,2,2,0,-2
1516786564310360,-1,15,0,-4,-2,-2,1,1
1516786564311361,0,9,-10,-3,-1,-2,-1,-1
1516786564311361,-3,7,-2,4,1,-1,0,-2
1516786564323409,-2,15,1,-1,-6,-5,-3,-1
1516786564323409,-1,14,2,3,0,0,1,3
1516786564332418,0,5,-5,0,-2,-4,-1,-3
1516786564332418,1,-2,-11,-3,-4,-4,0,-2
1516786564346350,0,-20,-13,0,0,1,3,0
1516786564346350,1,-23,-19,0,-1,-6,-3,-3
1516786564353337,0,-19,-3,-1,-4,-2,-1,-1
1516786564353337,2,-25,0,-3,-1,-1,-2,-1
1516786564369522,-2,-12,2,2,-1,5,-1,0
1516786564369522,-1,0,7,-1,0,2,-1,-1
1516786564370382,-2,20,-4,-2,-3,-1,-2,1
1516786564370382,1,13,-2,-1,-2,-1,-2,1
1516786564391582,-2,4,-8,1,-4,-6,-5,-4
1516786564391582,-6,-10,-6,-2,2,2,1,-2
1516786564392441,1,-17,-4,-1,-1,-2,-1,-3
1516786564392441,-2,-5,-2,3,1,1,0,0
1516786564407481,0,-25,-2,-6,-2,-2,-2,-1
1516786564407481,-2,-111,10,3,0,1,-2,0
1516786564413563,-4,-117,-1,-13,-6,-1,1,0
1516786564413563,-2,-88,4,20,-3,2,0,0
1516786564429691,-3,-15,5,-12,-4,-3,-2,-1
1516786564429691,2,58,0,-2,-5,0,1,0
1516786564430542,0,100,5,18,2,2,-2,0
1516786564430542,-1,95,0,-12,3,2,2,0
1516786564445582,1,81,-6,-22,-9,-7,1,3
1516786564445582,-1,59,-2,6,10,12,-4,-1
1516786564451772,4,25,29,34,9,12,8,7
1516786564451772,-4,8,-36,-47,1,4,1,1
1516786564467643,-3,-4,26,37,-8,-5,-8,0
1516786564467643,0,-2,3,10,5,-10,-2,-2
1516786564473888,-2,4,-30,-30,-12,-10,-3,-5
1516786564473888,4,-1,7,12,9,-4,0,0
1516786564489699,0,-13,-49,-33,1,-1,1,-3
1516786564489699,-1,-2,-20,-14,-15,-9,-6,-7
1516786564489699,0,3,-3,14,6,-3,-4,-5
1516786564489699,-6,1,-11,-7,-17,-19,-6,-10
1516786564504977,2,-2,-18,-9,11,7,2,-3
1516786564504977,-2,18,-4,8,-5,-7,3,-3
1516786564510983,-1,3,-14,-8,5,1,1,-5
1516786564510983,1,-9,-3,-7,-7,-10,-6,-5
1516786564527818,-2,-12,9,14,-1,-5,-6,-6
1516786564527818,1,-16,-21,-20,0,11,1,3
1516786564533969,-10,-27,22,9,-8,-7,-10,-6
1516786564533969,0,-5,4,-17,-7,7,-4,2
1516786564548860,-5,-7,80,66,5,10,1,2
1516786564548860,-3,-9,-1,-27,2,6,3,3
1516786564549858,-3,-5,5,7,6,6,4,6
1516786564549858,-2,-1,5,9,1,6,5,4
1516786564564901,-2,-6,-21,-24,-13,-2,2,0
1516786564564901,2,-5,-38,-48,-12,-3,3,6
1516786564571126,-2,16,93,100,19,-8,-8,-8
1516786564571126,-3,-8,-20,0,4,-3,-3,-6
1516786564586098,0,-5,-8,-43,-9,-10,-4,-3
1516786564586098,-1,-10,-30,-3,-7,-6,-3,-4
1516786564594118,3,2,-6,-26,-8,-2,1,0
1516786564594118,1,9,50,79,7,0,-1,3
1516786564609255,-5,-5,-2,-56,0,0,1,-2
1516786564609255,1,0,9,19,2,0,1,1
1516786564610021,2,-10,-25,-43,-4,3,3,0
1516786564610021,2,-11,3,8,7,2,1,1
1516786564625059,0,-18,-28,15,4,3,-2,0
1516786564625059,0,4,87,58,11,1,-2,-1
1516786564631076,-2,2,-47,-30,-9,-2,-1,-1
1516786564631076,-1,13,2,-18,-1,-2,0,-3
1516786564646267,2,17,-11,16,3,3,3,4
1516786564646267,-1,-1,-42,-37,-10,-2,3,3
1516786564654204,-7,-5,-4,-17,-4,-5,-6,-10
1516786564654204,5,6,1,42,5,10,5,4
1516786564669330,-5,-6,-12,-27,-3,-13,-7,-7
1516786564669330,1,2,10,40,7,1,0,-1
1516786564670179,5,3,-16,-51,-11,0,1,4
1516786564670179,-5,-14,-22,-18,2,2,0,0
1516786564685219,5,7,-46,-16,-15,2,4,1
1516786564685219,-12,-14,34,43,-1,-11,-13,-13
1516786564691380,1,8,18,8,-6,-7,-2,-1
1516786564691380,0,1,4,-35,-7,-6,-5,-3
1516786564706418,-2,1,-2,11,6,4,0,-2
1516786564706418,-2,1,-20,-21,-7,-4,-3,-2
1516786564713443,2,-1,38,52,4,5,2,2
1516786564713443,-2,-4,-44,-48,-9,-5,-4,-6
1516786564729491,-8,-1,29,23,2,1,0,0
1516786564729491,2,8,-2,-16,3,2,2,1
1516786564730354,0,-7,-14,8,4,2,2,1
1516786564730354,2,9,-1,-27,-8,-2,-2,0
1516786564745381,2,-7,-1,25,11,-1,-2,-2
1516786564745381,-2,-11,11,-1,1,-2,-2,-4
1516786564751397,-3,-10,-12,7,2,1,3,3
1516786564751397,2,9,34,26,-7,-3,-4,-2
1516786564766434,1,-1,-37,-70,-6,-5,-3,-2
1516786564766434,-2,14,42,20,3,0,0,0
1516786564773454,2,-14,-27,-32,-5,0,-1,-6
1516786564773454,-3,-10,5,6,-2,-2,2,5
1516786564789643,-4,5,40,37,2,3,2,3
1516786564789643,1,-4,-27,-14,0,0,-2,-2
1516786564789643,4,9,2,-3,-1,0,1,2
1516786564789643,-6,-7,-8,16,5,0,0,-6
1516786564813661,-5,-8,-19,-4,1,0,-2,-2
1516786564813661,2,-6,-33,-15,-9,-6,-1,-2
1516786564813661,-3,12,39,42,5,3,-1,2
1516786564813661,2,-5,22,27,6,-3,-1,-1
1516786564826644,-2,-4,-17,-8,-3,-4,-5,-3
1516786564826644,2,6,-10,-42,-3,2,3,1
1516786564833759,0,-1,22,56,-1,1,-2,0
1516786564833759,-13,-6,-13,-5,2,4,0,-4
1516786564849702,-1,-9,-21,19,3,4,4,-1
1516786564849702,6,19,21,-13,5,6,2,1
1516786564850660,-8,-34,-68,-38,-13,-14,-4,-4
1516786564850660,5,-6,-27,-36,-9,-10,-6,-2
1516786564864707,-2,-9,-36,-23,0,-3,-4,-6
1516786564864707,-4,-5,-23,-5,1,1,-1,-1
1516786564871750,-4,4,-13,-30,-2,3,0,-1
1516786564871750,0,2,7,42,6,-1,-3,1
1516786564885897,5,3,9,-25,-2,0,2,3
1516786564885897,-2,1,20,9,-4,-10,-6,-3
1516786564893920,2,7,11,1,6,4,1,1
1516786564893920,0,-14,-30,-27,-2,2,3,-4
1516786564908839,-3,15,30,64,5,-4,-6,-4
1516786564908839,-16,-8,12,18,7,9,3,-4
1516786564915864,-4,2,-20,-43,1,-3,-1,0
1516786564915864,2,9,37,-15,-15,-7,-4,-1
1516786564924871,5,-11,31,1,-4,-4,-4,2
1516786564924871,3,-4,-6,22,-3,-2,-5,-27
1516786564930874,0,-8,-17,-6,4,9,9,9
1516786564930874,-4,6,-18,-7,-10,-11,-3,44
1516786564945912,3,12,6,0,-5,-8,-4,-9
1516786564945912,-17,-18,-7,-13,7,6,-5,-23
1516786564953933,-10,0,10,-17,-9,-6,-6,-34
1516786564953933,-12,16,73,55,9,10,6,-5
1516786564968975,28,-43,-63,-29,10,11,2,10
1516786564968975,-34,-5,-25,-48,-22,-23,2,34
1516786564975993,40,13,10,18,5,-7,-9,-25
1516786564975993,28,3,-6,-29,-4,17,18,4
1516786564985018,-77,-1,22,50,5,-33,-37,3
1516786564985018,27,-17,-19,-13,-11,14,-43,-105
1516786564991032,30,5,2,-29,2,32,0,86
1516786564991032,30,-48,-94,-28,-18,-23,-38,-44
1516786565007076,-18,23,57,39,5,-52,-86,-105
1516786565007076,-42,3,-21,-10,-4,5,-117,-103
1516786565014095,-11,10,-32,1,-2,-98,-128,70
1516786565014095,38,36,31,7,7,-94,-113,106
1516786565028132,28,21,18,36,1,-55,105,127
1516786565028132,11,-12,-74,-27,-4,54,120,127
1516786565036154,-3,-28,-25,-27,-14,127,127,71
1516786565036154,-7,-1,70,-13,5,127,127,-27
1516786565053199,-1,-34,-31,-24,-17,124,2,-83
1516786565053199,33,-19,11,90,37,105,-89,-73
1516786565054201,14,-1,49,15,-5,34,-107,-98
1516786565054201,-24,1,-46,43,23,-52,-110,-31
1516786565066233,13,33,67,-28,-12,-81,-61,-41
1516786565066233,10,55,67,-6,-8,-128,17,56
1516786565073252,-25,50,57,11,3,-128,5,-46
1516786565073252,-23,36,12,-8,-4,-84,39,-23
1516786565088292,66,33,-64,-8,-11,-22,41,-30
1516786565088292,-2,-93,-26,-21,-20,-45,10,115
1516786565096313,11,14,-10,19,6,-25,33,-49
1516786565096313,-30,-24,-21,2,3,11,8,-73
1516786565111354,-8,-48,22,-1,6,44,9,16
1516786565111354,5,26,34,6,4,-2,11,22
1516786565112373,-15,-45,-9,4,8,-40,3,-20
1516786565112373,-8,-26,-52,-74,-12,-100,-9,-7
1516786565126392,-14,-7,-38,-7,-11,34,-30,3
1516786565126392,19,34,79,0,-21,62,15,-13
1516786565133413,-4,2,-35,0,-15,127,12,15
1516786565133413,-15,4,33,46,8,127,-6,-3
1516786565148452,9,-3,-9,-19,-5,-26,-19,3
1516786565148452,-37,13,8,6,3,-78,-10,-13
1516786565156472,-5,7,-8,0,7,-81,1,-2
1516786565156472,43,4,17,-2,7,-100,-5,23
1516786565171513,-6,0,-18,-17,6,-48,10,37
1516786565171513,17,17,66,39,9,-42,0,-40
1516786565172515,-26,-26,-100,-28,4,-30,-3,-25
1516786565172515,-7,0,9,-19,-17,-19,-10,-8
1516786565186564,-14,2,18,8,9,16,-2,-6
1516786565186564,1,-3,-25,-3,3,2,6,-6
1516786565193572,-7,-9,22,6,-3,-13,-4,7
1516786565193572,-5,-4,1,0,-8,14,-1,-3
1516786565208612,-3,1,-29,-12,-3,11,-2,-1
1516786565208612,-8,-10,-15,-10,-1,-13,-5,-4
1516786565215631,23,11,-19,-1,-5,2,-6,2
1516786565215631,-18,-22,-14,-8,-6,12,-2,1
1516786565231674,-7,7,39,14,3,3,2,-4
1516786565231674,7,8,16,-15,-5,-8,1,5
1516786565232677,-2,3,-2,-15,-14,-5,-2,0
1516786565232677,3,6,-26,29,10,14,7,0
1516786565245711,-10,-12,24,-2,1,-4,-4,-4
1516786565245711,1,-3,-29,4,-1,1,2,0
1516786565253732,-6,0,17,-16,-1,5,2,4
1516786565253732,-3,-8,26,-5,-7,-4,-2,3
1516786565268797,1,8,-27,16,3,-1,-5,-1
1516786565268797,0,-3,7,-10,-3,-4,2,3
1516786565275816,-10,-12,1,9,9,4,-1,-8
1516786565275816,0,2,-30,-11,-1,4,0,1
1516786565291832,2,3,-1,6,2,3,0,3
1516786565291832,-1,-4,-2,-5,4,-3,-1,-1
1516786565292835,-11,-6,-23,19,5,0,1,-1
1516786565292835,-6,0,4,-4,-4,-5,-5,-8
1516786565305869,0,-1,39,0,-7,0,0,0
1516786565305869,-7,-2,-34,3,6,0,-1,-12
1516786565313891,6,-5,5,-1,-1,-3,-1,14
1516786565313891,1,4,4,-3,-1,3,0,-1
1516786565328931,-1,0,-44,-17,-2,3,1,-3
1516786565328931,2,11,59,24,2,-6,-3,-4
1516786565335951,-4,-17,-35,-12,-8,-5,-5,-7
1516786565335951,-3,-6,4,-14,-11,-1,-2,0
1516786565351993,-1,-6,-10,-46,-21,-6,-2,3
1516786565351993,0,-2,33,73,30,5,-2,-1
1516786565351993,-6,10,63,24,-7,-5,-12,-15
1516786565351993,1,0,1,-39,-29,-10,-2,2
1516786565366030,-9,-15,28,10,8,15,5,-2
1516786565366030,4,7,-34,-9,-3,2,1,6
1516786565374052,1,5,43,38,17,-3,-4,-2
1516786565374052,2,0,-7,67,25,11,0,-2
1516786565388090,-5,3,-21,-18,-21,-10,-8,-2
1516786565388090,-1,3,14,-28,-11,-9,-4,-3
1516786565396117,-4,-4,-4,-43,-13,-5,0,-3
1516786565396117,-2,1,-7,-20,-7,-1,2,0
1516786565412159,8,-2,-8,0,8,3,1,-1
1516786565412159,4,-10,-24,5,1,-4,-1,5
1516786565412159,-15,-10,-16,-30,-13,-13,-10,-9
1516786565412159,-1,-3,6,9,14,14,5,3
1516786565426355,0,9,-23,19,4,-5,-3,-5
1516786565426355,1,1,0,-21,-8,2,-2,-2
1516786565434211,11,16,15,6,-2,2,5,3
1516786565434211,-5,-5,0,12,6,0,1,1
1516786565448251,-7,-20,27,-6,2,-2,0,-2
1516786565448251,12,5,-90,-28,-9,1,3,6
1516786565456428,-2,4,51,19,1,-5,2,3
1516786565456428,-7,-3,-15,-16,-3,-5,-6,-8
1516786565472322,6,10,25,12,3,0,-1,1
1516786565472322,-13,-7,-14,-8,-2,2,0,-3
1516786565472322,6,-7,-9,8,4,12,-2,-7
1516786565472322,14,-9,-17,-14,-2,-9,7,13
1516786565486497,-8,7,27,7,0,-4,0,-3
1516786565486497,-15,0,-18,-6,1,-1,-7,-24
1516786565493515,-4,-4,-13,-1,-1,1,9,-9
1516786565493515,-7,0,17,-3,-5,-5,-8,-6
1516786565508556,8,-2,-15,4,3,-4,-7,3
1516786565508556,2,0,18,1,-2,0,2,6
1516786565516455,-5,-4,-13,-6,-2,-2,-6,-4
1516786565516455,5,4,4,5,3,1,1,-4
1516786565531478,5,2,-2,4,2,2,6,9
1516786565531478,-6,-7,0,3,-2,-1,-5,1
1516786565532472,-2,2,20,-7,-8,-11,-5,0
1516786565532472,1,-2,33,-4,-8,-11,0,8
1516786565546656,-8,-2,-40,-2,3,16,6,-8
1516786565546656,8,7,14,1,3,7,3,4
1516786565553532,13,12,-30,13,6,6,7,17
1516786565553532,-7,-33,-7,-24,-10,-11,-10,-11
1516786565568602,-33,-17,12,-17,-10,-16,-8,-8
1516786565568602,2,1,10,0,-1,-2,-9,-4
1516786565576625,-4,-2,-4,-1,-1,-2,-2,2
1516786565576625,5,21,4,20,9,5,-6,2
1516786565591775,38,5,2,-3,-11,-4,7,-2
1516786565591775,-54,-8,-5,-7,3,-9,10,24
1516786565592634,40,26,-13,6,3,58,63,23
1516786565592634,-11,-2,-27,16,6,7,-25,-17
1516786565607674,-6,-18,19,-23,-5,-5,-9,-36
1516786565607674,9,-3,10,-4,-7,-37,-21,26
1516786565613905,-17,-10,3,-11,-14,-43,-49,-36
1516786565613905,-8,12,0,7,0,16,5,13
1516786565628730,25,8,-1,16,11,17,50,52
1516786565628730,2,14,-1,13,15,5,-13,-22
1516786565635749,-37,-45,-27,-20,7,-9,-2,-11
1516786565635749,-3,-3,-14,-9,-8,-10,-16,-17
1516786565652009,-13,9,0,-11,-80,-48,-42,-21
1516786565652009,23,-10,13,-15,20,18,31,7
1516786565652794,-1,-6,12,25,48,49,21,23
1516786565652794,-9,2,-5,6,27,13,5,-11
1516786565665828,5,5,-16,13,82,4,-33,-13
1516786565665828,6,21,-13,-32,-117,-109,-9,4
1516786565673995,2,-10,34,-29,-59,20,24,2
1516786565673995,9,4,32,29,79,94,44,72
1516786565689026,6,22,2,101,109,120,36,9
1516786565689026,15,2,-48,29,-64,-33,-26,-24
1516786565696053,-9,-3,-24,-28,-95,-115,-49,-28
1516786565696053,-22,-19,-7,-58,-112,-96,-21,-33
1516786565712088,11,7,18,-41,-33,-36,-3,6
1516786565712088,5,-6,12,-9,43,27,3,0
1516786565713090,-5,-9,-7,-8,12,2,0,4
1516786565713090,-21,-2,-2,-2,14,0,-1,-36
1516786565726126,-42,-3,21,-19,12,7,2,1
1516786565726126,75,-4,-13,-25,-15,3,-25,-5
1516786565734009,-45,23,-6,94,61,4,-7,30
1516786565734009,26,4,-22,18,16,-2,0,14
1516786565749058,-14,-3,-10,-33,-83,-30,2,-8
1516786565749058,-20,-16,21,-39,31,39,19,-17
1516786565756205,13,-5,-21,-100,10,16,-4,0
1516786565756205,-12,-5,16,38,-15,-9,-3,-8
1516786565772115,-2,-4,5,65,4,-18,1,3
1516786565772115,-6,8,27,20,-17,23,9,0
1516786565772115,12,-3,1,87,64,10,-6,-12
1516786565772115,-17,-10,-71,-123,-125,-50,-17,-14
1516786565787151,4,-14,-10,-83,-67,-23,-23,-23
1516786565787151,3,-17,79,97,109,73,48,62
1516786565793167,27,30,4,-13,-5,1,18,21
1516786565793167,1,45,-10,-66,-61,-33,-23,-22
1516786565808207,-20,-46,-74,-128,-124,-42,-26,-16
1516786565808207,1,22,56,65,71,52,23,9
1516786565816227,-7,-14,-60,-98,-110,-27,-14,-15
1516786565816227,6,-29,32,125,21,9,7,7
1516786565831268,15,12,-3,-14,10,-12,-8,-3
1516786565831268,-8,-2,-33,30,21,4,3,-7
1516786565839288,-10,-3,32,-21,26,18,11,8
1516786565839288,-10,-19,-45,-85,-21,-12,-9,-9
1516786565846313,-11,-5,33,48,17,-4,-1,1
1516786565846313,-13,-29,-56,-62,-34,-16,-11,-7
1516786565853331,19,50,5,-27,-24,3,2,4
1516786565853331,16,1,43,57,72,18,11,4
1516786565868367,-8,4,59,14,34,16,8,7
1516786565868367,-20,-3,-8,19,-33,-22,-9,-14
1516786565884410,12,11,-9,-24,-31,-20,-17,-17
1516786565884410,-12,-17,-11,-70,6,14,12,3
1516786565891573,16,9,9,55,18,0,11,25
1516786565891573,-11,0,-48,-41,-67,-17,-10,-6
1516786565899449,0,15,32,57,30,1,-5,-6
1516786565899449,9,-43,-16,-27,-4,4,8,12
1516786565906604,17,23,-13,12,28,9,6,3
1516786565906604,-31,-25,-62,-88,-42,-25,-20,-24
1516786565913625,-12,-24,42,27,10,7,3,-1
1516786565913625,15,22,4,65,17,8,7,7
1516786565928664,4,17,8,-51,-28,-12,-7,-2
1516786565928664,-7,-17,-5,-4,4,-8,-4,-9
1516786565936691,-1,-11,10,-9,10,11,-1,-22
1516786565936691,19,2,-18,-6,-1,2,3,32
1516786565951688,-20,-15,-12,19,8,9,1,4
1516786565951688,11,27,2,22,16,4,1,4
1516786565959827,0,-9,19,-2,-1,-8,-3,-9
1516786565959827,-11,6,-5,-31,-18,-7,-4,-17
1516786565965628,2,2,7,37,16,6,-1,-1
1516786565965628,0,12,28,-14,-3,-1,2,-1
1516786565973678,-1,-19,-23,-17,-18,-6,1,11
1516786565973678,-19,19,-7,11,5,-4,-5,-4
1516786565989870,19,-9,-23,6,8,6,6,9
1516786565989870,-7,8,31,-11,-5,-1,-7,-9
1516786565996933,-8,-17,-7,-2,-8,-3,-4,-3
1516786565996933,10,10,36,25,16,4,3,0
1516786566010957,-32,-37,-24,-17,7,0,-4,-10
1516786566010957,8,14,18,4,-15,-4,-5,-4
1516786566019899,-2,-16,-99,-41,-4,-3,-1,3
1516786566019899,5,0,56,29,8,2,0,0
1516786566034917,0,10,-32,-55,-20,-13,-7,-11
1516786566034917,4,-8,50,32,23,4,4,5
1516786566034917,-2,11,6,3,0,-1,-1,4
1516786566034917,3,-21,-25,3,-1,-1,-2,-4
1516786566048849,3,0,-1,12,1,7,4,4
1516786566048849,-7,-8,-24,-12,-10,-3,-2,-1
1516786566056868,-9,-6,10,4,6,1,-5,-3
1516786566056868,-10,10,-22,-24,-18,-2,-1,-6
1516786566071126,17,5,37,42,39,15,12,7
1516786566071126,-7,-20,-45,-15,-8,-13,-4,5
1516786566079959,5,1,9,23,-6,0,-3,1
1516786566079959,-11,-10,-65,-73,1,3,1,-4
1516786566094199,-11,-3,55,40,-34,-15,-7,-10
1516786566094199,-2,-1,-14,-16,-33,-5,-4,-7
1516786566095002,9,-2,44,32,28,5,4,4
1516786566095002,-1,3,-6,-20,13,5,2,5
1516786566109240,-4,-7,-17,-27,-18,-7,-5,-2
1516786566109240,1,13,71,39,5,-2,-5,-3
1516786566117034,-2,-7,-27,-22,-16,-2,1,3
1516786566117034,5,34,118,115,16,16,7,2
1516786566131292,-10,-25,-73,-106,-2,-8,-6,-10
1516786566131292,6,-10,-32,-8,-7,-2,-1,-2
1516786566139223,-2,-6,-11,-32,1,-8,-4,-7
1516786566139223,0,7,1,10,6,0,0,1
1516786566154155,3,4,29,44,0,3,0,7
1516786566154155,0,20,5,34,12,9,8,4
1516786566162181,-4,-6,-93,-76,-18,-6,-6,-21
1516786566162181,-10,22,57,48,8,-11,-7,-26
1516786566168163,15,6,44,-44,-9,-12,-4,21
1516786566168163,-4,1,17,14,9,-1,-2,-3
1516786566177189,-14,-29,5,-72,-29,-10,-4,-5
1516786566177189,18,24,-59,3,9,11,12,35
1516786566193233,10,11,74,57,16,6,-12,-44
1516786566193233,8,-29,-35,-112,-21,-11,-2,-32
1516786566199247,-13,-32,77,103,11,-17,-28,31
1516786566199247,-22,25,59,22,-2,-8,2,-6
1516786566214502,-27,-59,-121,-104,-16,24,21,70
1516786566214502,36,56,-13,4,7,11,-8,-11
1516786566215289,-46,12,84,56,1,-3,8,20
1516786566215289,-36,-85,-95,-101,-22,-66,-52,-92
1516786566228346,39,-53,-14,-28,3,27,8,-7
1516786566228346,-8,71,87,67,32,60,40,28
1516786566236374,59,37,24,6,23,17,13,47
1516786566236374,-30,6,89,91,0,1,-4,7
1516786566252388,21,52,-41,-46,-23,-43,-47,-78
1516786566252388,-29,-70,-120,-64,-77,-97,-58,-2
1516786566259438,-15,48,-1,7,56,63,74,8
1516786566259438,88,68,-53,-39,-5,107,51,73
1516786566274446,-26,-32,-44,7,45,-51,-32,-55
1516786566274446,-21,1,-17,75,9,-16,-45,-48
1516786566275449,-26,88,26,-77,-36,37,-13,63
1516786566275449,-4,-8,-35,46,103,109,23,-15
1516786566288718,23,-19,13,-18,124,127,31,22
1516786566288718,34,25,-24,-46,114,127,58,-19
1516786566297508,-46,-77,-110,34,-14,-30,-91,-128
1516786566297508,8,-8,9,-28,-77,-99,-58,-29
1516786566311719,52,50,12,-51,-128,-128,-23,63
1516786566311719,-120,-41,43,-41,-125,-128,-17,52
1516786566319715,64,-1,127,64,-66,101,75,61
1516786566319715,42,-12,98,32,6,109,12,25
1516786566334615,4,23,117,127,116,127,62,9
1516786566334615,-39,-57,68,-70,127,127,-24,-12
1516786566335634,79,-1,-81,-8,127,96,-31,6
1516786566335634,-55,-1,-113,-33,114,87,80,59
1516786566348746,-39,9,-65,48,119,26,-47,-68
1516786566348746,-6,7,-14,83,127,-15,-16,-65
1516786566356802,44,-22,-105,-45,56,-34,67,46
1516786566356802,-42,-21,31,13,41,-77,-31,-42
1516786566370721,6,24,-32,-16,-11,-13,27,39
1516786566370721,2,19,85,121,-34,-11,-23,-32
1516786566379727,-22,-43,6,-6,-74,-71,-90,-91
1516786566379727,-6,-46,-87,-119,-123,-29,-12,-26
1516786566393764,-4,32,0,31,-101,2,33,76
1516786566393764,-3,-55,-62,-87,-104,-18,-38,-14
1516786566394778,-22,-16,120,10,-57,-1,28,3
1516786566394778,14,-3,-27,-26,-34,-16,5,-5
1516786566408805,-1,-49,96,55,-11,-56,-52,-68
1516786566408805,-19,-8,-69,-106,-62,67,57,44
1516786566416824,-27,-17,-62,-16,5,-38,-4,-10
1516786566416824,-11,-27,50,26,21,-1,-23,-28
1516786566439887,-3,23,-1,43,2,4,5,5
1516786566439887,33,-17,50,-39,-7,-18,1,68
1516786566440890,-8,-1,22,1,11,12,35,-38
1516786566440890,6,2,27,57,20,-10,-38,-28
1516786566453924,-22,-1,-45,-38,-12,-8,-6,-13
1516786566453924,37,6,-72,16,14,22,29,53
1516786566454936,-11,48,60,42,8,6,-25,-58
1516786566454936,33,-25,61,-7,-14,-13,5,94
1516786566469966,-37,-26,10,-46,3,25,22,19
1516786566469966,17,5,3,23,5,5,6,-13
1516786566476984,33,7,29,11,16,-8,-19,6
1516786566476984,-19,-32,-63,7,-10,-19,-22,-45
1516786566491023,-15,30,-2,-23,-23,1,-1,32
1516786566491023,9,4,67,35,0,6,13,-83
1516786566499046,-4,-20,-112,-15,2,-10,20,89
1516786566499046,-5,4,-22,-25,-5,-2,-5,-13
1516786566514096,-17,-15,-31,-13,-1,3,-6,11
1516786566514096,4,28,73,-7,-4,-15,-21,10
1516786566515086,13,16,30,36,8,9,0,-21
1516786566515086,-17,41,-19,11,2,5,17,4
1516786566529163,-5,-17,-100,10,3,0,-8,-41
1516786566529163,25,34,45,43,14,18,3,16
1516786566537174,-29,18,90,18,0,-17,-13,14
1516786566537174,3,-9,-79,-76,-20,-6,5,-52
1516786566551183,8,58,127,14,-7,-11,-37,12
1516786566551183,-13,-59,-91,-1,-3,-10,26,14
1516786566560207,-43,-11,-78,-33,1,4,-8,3
1516786566560207,69,-9,109,18,6,-5,-4,18
1516786566573242,-4,-25,26,-2,-9,-5,5,0
1516786566573242,7,36,-2,-17,8,2,-19,-67
1516786566582270,-32,-37,-37,-22,-21,-24,17,42
1516786566582270,52,35,-9,7,6,40,45,46
1516786566588283,10,-7,45,43,13,10,1,-12
1516786566588283,-21,-35,-16,-40,-32,-38,-35,-62
1516786566597306,22,20,47,32,10,14,-12,38
1516786566597306,-39,24,45,43,4,-14,-10,15
1516786566611343,-27,-38,-38,6,-5,4,9,5
1516786566611343,40,42,-6,51,22,11,7,7
1516786566620367,2,1,20,13,15,8,-6,-43
1516786566620367,-44,-14,-26,-56,-21,-14,-14,7
1516786566633402,10,7,8,-15,2,16,16,-3
1516786566633402,-5,-1,-2,8,8,4,-4,10
1516786566642424,-20,5,-39,-2,-13,-2,11,23
1516786566642424,59,16,24,-18,-3,-10,-14,15
1516786566648442,8,15,55,95,34,15,6,-65
1516786566648442,-13,11,-74,-128,-47,-21,13,106
1516786566657466,23,4,3,10,8,5,4,-33
1516786566657466,-10,24,23,42,10,-29,-51,-39
1516786566671509,45,-7,-52,-31,-18,27,55,61
1516786566671509,-57,-22,23,17,3,-2,-2,-21
1516786566680527,34,58,108,65,10,4,-15,-16
1516786566680527,-25,-76,-75,-38,-11,-3,14,0
1516786566693567,2,6,30,-33,-9,-22,-36,8
1516786566693567,4,-20,-28,29,15,5,0,-6
1516786566702589,-20,3,58,13,-10,-2,10,-7
1516786566702589,18,29,91,9,-4,-5,-8,7
1516786566716639,-20,-9,-52,-41,-3,-6,0,-6
1516786566716639,16,-8,-50,-30,-10,4,6,4
1516786566724650,-10,28,0,-35,-8,-6,-10,-23
1516786566724650,23,22,55,40,25,34,17,-41
1516786566730665,-46,-44,-73,-24,-21,-22,-7,76
1516786566730665,6,3,41,17,3,-2,5,1
1516786566739685,20,-10,-60,-17,-1,0,-10,-13
1516786566739685,-23,19,30,30,12,-4,-22,-24
1516786566753884,8,50,111,37,-7,11,32,1
1516786566753884,38,3,51,14,10,7,5,35
1516786566762746,-8,-24,5,-14,-7,-16,-18,-17
1516786566762746,-9,-5,-51,4,-5,-5,-2,5
1516786566768924,7,10,4,33,13,9,-21,-33
1516786566768924,-30,33,13,37,11,3,18,7
1516786566777786,34,-13,70,-42,-6,10,14,29
1516786566777786,-14,15,54,18,5,2,-1,-3
1516786566791039,5,-21,-70,-60,-15,-14,-19,-13
1516786566791039,-2,-1,1,12,1,4,-2,-28
1516786566799844,1,-7,-57,-5,-1,1,-3,-6
1516786566799844,-21,-16,-51,-20,-9,-5,7,18
1516786566814105,12,1,-5,2,4,-3,0,-15
1516786566814105,11,-2,58,54,6,2,-1,-12
1516786566822905,-25,-15,-95,-70,-21,-21,-19,-14
1516786566822905,-19,-29,-9,-39,-19,-6,13,33
1516786566829167,24,30,44,2,0,1,5,8
1516786566829167,10,-4,35,26,13,6,-2,6
1516786566837973,5,23,-63,-14,2,6,0,-17
1516786566837973,-7,-23,-18,8,0,1,8,0
1516786566851185,-16,-17,-38,-12,-3,-12,-8,-18
1516786566851185,-5,-18,-15,-14,-1,-3,-7,10
1516786566860004,23,5,48,50,15,3,-12,-67
1516786566860004,-7,-41,-112,-86,-32,-12,-3,48
1516786566874254,-43,-4,54,-4,-5,-5,25,8
1516786566874254,7,2,27,35,12,5,-1,-2
1516786566881278,-16,-12,56,36,2,6,3,-9
1516786566881278,-16,-14,-25,-39,-14,-15,-19,-36
1516786566897249,-1,-23,-8,8,11,9,-13,-21
1516786566897249,13,27,24,6,-6,1,7,4
1516786566899108,3,-27,-79,-41,-7,-6,0,26
1516786566899108,1,27,100,72,19,3,5,-11
1516786566911285,7,-19,-36,-62,-20,-2,6,1
1516786566911285,-4,-4,-17,-15,-1,0,-1,-12
1516786566920179,14,-6,23,13,-3,-12,-2,19
1516786566920179,-19,15,23,18,10,24,18,15
1516786566934235,0,4,-57,0,8,0,-1,-38
1516786566934235,-15,14,36,55,2,-12,-22,-1
1516786566942352,22,-10,-51,-65,-18,-8,18,56
1516786566942352,-2,17,12,13,7,4,4,-44
1516786566948374,3,17,52,26,4,-1,-9,12
1516786566948374,2,-23,-74,-34,-3,5,3,-13
1516786566957371,-32,-14,-3,-3,-9,-12,-15,-21
1516786566957371,12,2,11,5,1,4,7,7
1516786566971444,4,10,17,9,3,4,-5,-3
1516786566971444,-1,-7,-5,-26,-9,-6,-3,-2
1516786566980323,-11,0,54,35,10,8,6,3
1516786566980323,10,28,-44,-1,2,2,5,13
1516786566995363,16,17,60,28,4,0,-6,-8
1516786566995363,-32,-29,-48,-39,-9,-6,-2,10
1516786567002384,2,3,4,1,5,2,-1,8
1516786567002384,17,-1,-22,2,-3,-3,1,-6
1516786567017456,2,2,7,15,3,-1,0,8
1516786567017456,-6,-4,-44,-50,-17,-7,-6,-29
1516786567019460,-12,-2,-22,20,7,5,2,17
1516786567019460,-2,-17,10,-3,1,-4,-3,-5
1516786567031491,-5,-11,-35,-37,-11,-4,-2,2
1516786567031491,12,5,9,6,-2,-2,1,7
1516786567040483,-8,0,7,26,10,5,1,-15
1516786567040483,9,4,22,-9,-3,-2,-4,9
1516786567053518,-10,-2,1,2,-5,-6,-4,-1
1516786567053518,11,3,13,4,0,0,0,4
1516786567062541,-4,2,-3,-11,-5,-1,-2,-6
1516786567062541,-1,-6,-3,-6,3,3,2,5
1516786567077581,0,7,34,24,0,-2,-1,1
1516786567077581,1,-4,36,-6,-4,-1,2,1
1516786567078584,-6,0,2,-2,0,-1,1,-6
1516786567078584,1,-3,-30,7,2,-3,-2,0
1516786567090646,-3,-15,-55,-34,-11,-5,-1,-2
1516786567090646,3,0,-4,-69,-13,-3,1,8
1516786567100645,-11,1,22,50,-1,-6,-5,-10
1516786567100645,7,6,19,31,20,12,5,1
1516786567113680,1,1,3,15,3,1,0,1
1516786567113680,0,-5,-24,-10,-9,-2,1,2
1516786567122703,-7,-11,-26,-28,-21,-10,-6,-9
1516786567122703,1,0,23,-39,-20,-14,-7,-4
1516786567137743,-5,-8,5,-11,5,2,-2,-1
1516786567137743,0,5,-4,20,10,6,0,1
1516786567138746,0,1,4,29,10,6,1,0
1516786567138746,-1,-4,-11,-8,-12,-6,-3,0
1516786567150797,-4,0,6,1,4,-1,1,-2
1516786567150797,0,3,7,-8,-8,-9,-5,1
1516786567159840,2,2,-8,-33,-15,0,4,-1
1516786567159840,-10,-9,27,8,7,5,-2,-2
1516786567173992,-9,-5,-37,-22,-14,-9,-5,-7
1516786567173992,2,0,-5,-1,-10,-6,-4,-1
1516786567182875,3,6,18,22,38,14,5,3
1516786567182875,19,4,3,19,8,1,2,6
1516786567204922,6,3,7,4,-3,-3,1,3
1516786567204922,-22,-7,-3,57,14,0,-4,-3
1516786567206928,3,-3,-7,-40,-20,-7,-6,-5
1516786567206928,1,-3,7,-4,-3,-1,-3,1
1516786567210938,2,9,47,10,9,3,-1,0
1516786567210938,0,-5,-54,-25,-4,-4,-2,-2
1516786567219963,-6,1,8,-4,6,5,2,-2
1516786567219963,-2,2,5,9,0,-2,-1,-3
1516786567233999,-1,-13,-38,-25,-10,-8,-5,-1
1516786567233999,1,3,28,1,-5,6,4,3
1516786567241155,-1,3,14,32,18,4,1,1
1516786567241155,1,-2,-14,11,-4,-6,-4,-1
1516786567258085,-3,5,7,-25,-6,0,-2,-3
1516786567258085,4,-1,-17,8,0,-1,0,-2
1516786567259066,0,1,15,-13,-4,-3,-2,-1
1516786567259066,-2,2,8,3,0,-2,0,0
1516786567271120,-4,-6,-10,-4,-1,-1,-2,-3
1516786567271120,-2,-1,26,5,8,6,1,3
1516786567280122,4,3,5,9,0,1,-1,-1
1516786567280122,2,-2,-39,-24,-10,-2,0,-3
1516786567294190,4,3,42,14,-3,3,1,2
1516786567294190,-6,-17,-64,-24,5,-7,-5,-7
1516786567301203,-5,-6,-25,-25,-11,-5,-5,-5
1516786567301203,-7,-2,4,-8,-11,-4,-1,-2
1516786567317233,4,1,-4,36,27,8,3,3
1516786567317233,3,10,22,20,5,0,1,1
1516786567319225,-4,-10,-2,-12,-4,-4,-1,-2
1516786567319225,-6,-8,-38,-44,-10,-7,-6,-6
1516786567331286,-4,3,18,48,22,14,7,3
1516786567331286,4,4,15,10,-2,-4,-1,0
1516786567340282,0,-1,-18,-7,-6,-5,-2,-2
1516786567340282,3,3,13,1,1,2,4,3
1516786567354540,2,-3,-19,-28,-14,-10,-6,-4
1516786567354540,1,4,5,-14,-2,2,-1,6
1516786567361557,2,-3,10,38,10,1,2,-2
1516786567361557,-8,-2,2,-7,-3,2,0,-2
1516786567377518,-6,-6,-25,-30,-19,-7,-2,-5
1516786567377518,11,2,24,36,13,6,-8,-6
1516786567379386,-8,6,-15,-29,-5,0,1,3
1516786567379386,10,6,24,4,14,11,28,38
1516786567391416,0,-5,6,96,37,-2,-26,-28
1516786567391416,3,-5,-6,-20,-13,-9,-4,-10
1516786567400441,-32,-5,-22,-48,-34,-20,-36,-26
1516786567400441,2,2,-2,8,-4,0,-2,3
1516786567414479,-5,3,-1,-18,-17,12,33,26
1516786567414479,26,12,10,26,-6,-5,-6,4
1516786567421634,34,-5,-7,-4,0,-4,-2,-4
1516786567421634,-23,-10,-13,-7,-8,-4,-4,-13
1516786567437761,-12,-8,-23,-53,-24,-11,-3,2
1516786567437761,-18,-5,11,8,9,8,6,-2
1516786567439546,14,10,-1,-24,-11,-2,10,14
1516786567439546,-1,-2,3,-3,4,-2,-11,-9
1516786567451584,4,-3,1,11,9,0,-6,-6
1516786567451584,-10,-2,-2,-12,-4,-2,11,5
1516786567459839,-7,-6,-2,17,12,8,0,2
1516786567459839,11,14,42,27,5,4,-4,-4
1516786567474845,-11,-21,-75,-45,-10,-13,-14,-11
1516786567474845,1,16,74,16,6,4,0,5
1516786567481719,-3,-9,-9,0,1,5,18,9
1516786567481719,-6,-9,-23,0,3,-4,-4,-10
1516786567497928,24,-1,-64,7,4,9,5,-8
1516786567497928,-24,-2,12,-47,-16,-24,-29,-28
1516786567498737,3,4,34,50,5,17,18,39
1516786567498737,10,8,-78,-31,0,8,9,-12
1516786567510949,20,-10,45,-8,-5,-7,-9,-11
1516786567510949,-25,-1,-22,42,1,-18,-18,-12
1516786567519763,-14,6,80,4,8,-2,-30,4
1516786567519763,-19,-20,-89,-39,-7,7,47,26
1516786567533804,-14,5,27,-20,-9,-12,-13,-26
1516786567533804,15,-2,-9,36,13,11,7,-8
1516786567541030,-18,-6,27,-7,-5,-8,-12,-7
1516786567541030,23,6,14,34,5,1,-17,-1
1516786567557866,-1,-1,1,-14,-2,2,8,15
1516786567557866,2,-3,15,-13,-2,1,5,11
1516786567558863,-7,6,-40,-16,-17,-9,-5,-15
1516786567558863,-3,-8,25,-4,23,8,-1,-8
1516786567571106,-16,11,20,-2,-6,3,17,14
1516786567571106,17,0,6,6,16,17,-1,-1
1516786567580921,37,-7,-36,-24,-12,-3,6,15
1516786567580921,6,19,36,90,51,-2,-12,2
1516786567593991,-34,-11,-13,-27,-23,-13,-18,-17
1516786567593991,-3,-14,-24,-50,-1,8,13,0
1516786567600976,0,-5,-30,-72,-62,-16,2,5
1516786567600976,39,32,51,54,51,12,5,-15
1516786567617016,-9,-15,39,95,55,32,0,-2
1516786567617016,-8,-10,-32,6,-3,-9,-3,9
1516786567619032,11,13,-10,-17,-16,-11,0,-6
1516786567619032,-24,-14,-2,-35,-26,-12,-19,-2
1516786567631266,14,11,-13,-58,-14,-2,14,12
1516786567631266,-7,-9,-14,20,-5,5,0,-13
1516786567640078,-4,0,20,13,27,7,7,-1
1516786567640078,-15,-17,-21,-27,-35,-14,-6,-1
1516786567654323,3,4,-9,4,6,-2,-4,-3
1516786567654323,4,-2,-18,-27,-16,-4,0,14
1516786567661360,-8,1,-16,45,23,10,4,-1
1516786567661360,-8,-2,-25,-37,-23,-21,-19,-20
1516786567677321,5,-2,39,-1,-13,-9,-5,0
1516786567677321,1,6,-20,-13,0,-3,-1,7
1516786567679183,1,-9,-29,22,19,6,5,-4
1516786567679183,-6,-17,-39,-6,-4,8,-2,-21
1516786567691343,1,18,14,36,0,-14,-18,15
1516786567691343,6,0,46,-45,-16,6,29,21
1516786567700238,-4,-6,-49,8,17,4,2,13
1516786567700238,0,11,35,-2,-15,-7,-3,8
1516786567714421,-3,-24,-92,-38,-15,-16,-9,-10
1516786567714421,-1,7,-3,23,15,9,0,-9
1516786567728463,-9,-15,-8,-5,-12,-9,-7,-9
1516786567728463,3,-2,31,-7,-4,-1,2,8
1516786567737427,5,-2,-43,-1,4,8,10,8
1516786567737427,-5,3,5,6,-2,-5,-8,-7
1516786567743510,-2,-4,-3,-8,5,0,0,-10
1516786567743510,-8,-1,21,6,-14,-3,-3,2
1516786567751375,1,9,47,24,19,6,3,2
1516786567751375,3,-10,-23,-20,-11,-8,-4,0
1516786567760400,-8,5,7,18,9,3,-3,-11
1516786567760400,6,-1,4,-12,-8,-2,0,2
1516786567774581,0,3,17,-7,-6,2,3,0
1516786567774581,-2,-4,-16,-14,-4,-3,-4,0
1516786567781593,-3,1,17,17,0,-2,-3,-8
1516786567781593,-4,-1,7,11,1,-2,-1,1
1516786567796516,2,-1,-4,-11,-2,0,1,2
1516786567796516,7,-9,-28,-4,0,-2,-2,0
1516786567803514,-1,14,37,4,0,2,0,-6
1516786567803514,-12,-2,-13,-26,-15,-12,-7,-7
1516786567811717,-3,-7,9,12,3,4,3,0
1516786567811717,3,3,-1,-9,-5,-1,-3,-1
1516786567827577,0,-4,-14,-3,4,3,1,-4
1516786567827577,-3,-2,-5,7,3,4,2,4
1516786567834597,2,2,-3,-7,-4,-4,-2,2
1516786567834597,-5,-3,-2,-1,0,-2,-3,-2
1516786567841658,-1,2,-2,5,5,0,1,-2
1516786567841658,-1,-1,27,12,2,-1,-1,0
1516786567856801,-1,1,12,-16,-11,-5,-2,-3
1516786567856801,-1,-2,-3,3,3,2,1,0
1516786567863819,1,1,21,12,1,-6,-5,-5
1516786567863819,1,-5,-22,-16,-5,1,2,-1
1516786567871730,-1,-2,-10,-3,-1,1,4,1
1516786567871730,-1,-3,0,14,3,0,-2,-1
1516786567879858,3,1,-7,-1,0,1,-1,0
1516786567879858,-5,-2,32,-5,-4,-7,-6,-5
1516786567894808,0,-1,-2,-4,-5,-1,-2,2
1516786567894808,0,3,1,0,3,0,0,1
1516786567900772,-1,-5,1,-12,-4,-3,-1,-3
1516786567900772,0,-1,-8,5,1,4,2,4
1516786567917820,-3,2,-4,0,-1,-1,-1,-2
1516786567917820,-4,-1,7,-5,-6,-3,-4,-2
1516786567923979,0,-1,-19,-1,5,2,-1,-3
1516786567923979,-1,-2,-3,-4,-3,-3,-1,-1
1516786567940014,-1,1,-4,-1,-1,-5,-1,-4
1516786567940014,-1,-2,12,4,1,1,-1,-2
1516786567941882,-2,0,3,-6,-2,-3,-2,-1
1516786567941882,-1,-2,-6,4,3,2,2,3
1516786567954915,1,-10,-37,-9,-1,0,0,3
1516786567954915,2,36,47,22,0,0,0,3
1516786567961070,-5,-22,8,-17,-4,-8,-5,-7
1516786567961070,3,-1,-1,2,4,1,-1,2
1516786567977120,-1,-4,6,0,-3,-2,-2,-1
1516786567977120,1,1,-7,5,3,0,0,1
1516786567983995,-2,2,1,2,-1,-2,-1,-1
1516786567983995,-2,-4,-9,-4,-4,-3,-2,0
1516786568000068,0,1,3,2,3,1,1,1
1516786568000068,-1,-9,-15,-11,-2,-1,-3,-5
1516786568002043,-1,5,13,2,-2,-2,-1,-1
1516786568002043,-2,-5,-11,-9,-6,-1,-1,-2
1516786568014293,-2,4,7,15,7,2,-2,-3
1516786568014293,-1,-7,-12,-12,-1,-1,3,0
1516786568021331,-2,-5,-9,0,-4,0,1,-1
1516786568021331,3,5,-2,8,6,6,1,0
1516786568037278,-2,-1,9,13,5,0,-1,-2
1516786568037278,-4,-1,8,-6,-4,-4,-4,-5
1516786568044183,-1,-7,6,-6,-5,2,-2,0
1516786568044183,-2,2,-9,-6,1,-1,0,-2
1516786568060418,-2,-4,16,-2,-6,-2,-1,-4
1516786568060418,1,-6,-10,-8,0,-2,-1,-1
1516786568061200,2,12,-7,0,0,-1,0,2
1516786568061200,-6,-13,10,18,11,-1,-2,0
1516786568074266,-3,4,-4,3,-4,-3,-3,-2
1516786568074266,0,-2,1,-3,0,-2,-3,1
1516786568081286,0,3,-4,0,-3,-1,1,0
1516786568081286,1,2,-13,-4,-4,-1,-1,0
1516786568105317,-3,-6,-5,-4,-3,-3,-3,0
1516786568105317,-4,1,-1,-3,-3,-3,-1,2
1516786568106320,0,-2,-11,0,1,1,-3,0
1516786568106320,5,-2,-4,-3,-2,-1,-2,0
1516786568120357,-3,0,12,1,-2,-1,-3,-2
1516786568120357,1,-4,-9,-1,-2,-2,-2,-3
1516786568121359,-4,-3,-2,-1,2,-2,-1,-2
1516786568121359,-1,-2,-3,-5,-3,-1,-1,0
1516786568142416,2,3,2,-13,-6,-4,-3,0
1516786568142416,-2,-5,-12,2,-2,-2,0,-2
1516786568144421,0,0,12,14,2,2,2,0
1516786568144421,-4,0,-7,-9,-8,-5,-2,-4
1516786568156453,1,0,6,-5,-1,1,0,-1
1516786568156453,-3,-6,-32,-5,-2,-1,-2,0
1516786568163472,1,-2,-1,-4,0,0,1,0
1516786568163472,0,3,-1,-9,-6,-2,-1,0
1516786568179514,0,-4,-9,1,1,-1,-1,-2
1516786568179514,2,1,11,14,9,2,0,-1
1516786568181520,-4,0,-3,7,-2,-1,-2,-4
1516786568181520,-6,0,15,-2,-6,-1,-2,-4
1516786568194553,3,0,-14,4,9,1,0,2
1516786568194553,3,2,-1,-5,-7,-2,-1,1
1516786568201571,-3,-4,-21,-8,-2,-2,0,-3
1516786568201571,0,2,13,12,0,0,-1,1
1516786568216611,-7,-15,-37,-35,-11,-9,-7,-5
1516786568216611,-2,-1,9,3,2,3,2,-1
1516786568223667,2,1,-2,-4,1,-1,-3,-1
1516786568223667,-5,-3,-9,-1,-3,0,-1,-2
1516786568239702,0,4,0,3,-3,-5,0,1
1516786568239702,-1,-2,2,2,0,-1,-2,-1
1516786568241707,-1,0,2,-3,0,2,1,2
1516786568241707,12,2,-2,3,-1,4,2,2
1516786568253711,-8,-2,-2,3,13,4,1,-1
1516786568253711,-5,0,6,-6,-8,-3,-4,-2
1516786568262734,-7,-4,3,-7,-7,-5,-4,-1
1516786568262734,-3,2,-1,13,11,-1,-2,-4
1516786568276915,1,0,3,4,-8,0,1,-2
1516786568276915,1,-4,-7,-7,-6,-3,-3,-2
1516786568283934,6,7,4,-4,-3,1,-2,1
1516786568283934,-4,-6,-7,-9,-3,-3,0,-2
1516786568299983,-1,-3,-14,-15,-6,1,1,2
1516786568299983,-4,5,23,21,3,-3,-2,-4
1516786568301841,1,-1,-1,-6,0,-5,0,-1
1516786568301841,-3,-2,-3,-5,0,-1,-3,-1
1516786568313892,-5,-2,-1,2,0,1,0,0
1516786568313892,10,2,-6,-5,0,0,0,0
1516786568322894,-1,-7,-2,2,-1,-2,1,4
1516786568322894,-3,-2,-2,3,7,1,-2,-3
1516786568336933,-3,5,5,0,0,2,0,0
1516786568336933,2,-5,-7,-4,-3,-2,-1,1
1516786568343952,-4,-4,-1,1,-1,-3,-4,-3
1516786568343952,1,-1,0,-1,-2,-1,1,0
1516786568360138,0,1,4,3,0,-4,-3,-2
1516786568360138,-3,-2,-5,-4,4,3,1,-1
1516786568362124,0,0,-7,-2,-4,-4,-2,-2
1516786568362124,-2,-2,21,8,3,5,0,-2
1516786568374151,5,4,6,5,-2,-4,-1,-1
1516786568374151,-3,-2,-7,3,-2,0,-2,-1
1516786568383148,-2,-2,-7,-3,1,3,1,-2
1516786568383148,-2,0,-8,-6,-4,-2,1,-3
1516786568397237,2,-1,2,2,-2,-2,-1,1
1516786568397237,-3,-5,-13,-11,-3,-3,-1,0
1516786568404110,-1,2,19,5,2,-1,-1,-1
1516786568404110,0,0,-29,0,-2,-2,0,0
1516786568420155,-1,3,32,6,-3,-3,-2,-2
1516786568420155,-2,-3,-2,-12,-4,-7,-2,-4
1516786568421157,-1,-1,-5,0,2,8,1,-3
1516786568421157,0,-2,-10,-9,-5,-3,-2,1
1516786568434223,0,-3,-11,-3,-2,-1,1,-1
1516786568434223,-4,-10,-30,-28,-18,-6,-1,1
1516786568442442,5,21,66,84,51,16,4,4
1516786568442442,-4,-16,-29,-31,-9,-14,-7,-7
1516786568457369,-4,-13,4,3,-5,-3,-4,-4
1516786568457369,0,4,22,3,-4,-3,-1,-3
1516786568463406,-2,-9,-67,-33,-17,-5,-2,1
1516786568463406,1,0,-13,2,-2,3,3,6
1516786568480460,1,5,-10,-4,11,11,5,2
1516786568480460,-2,2,66,24,1,-7,-5,-5
1516786568481316,4,-3,-6,-17,-7,-5,-2,0
1516786568481316,-3,0,-27,-1,1,-1,0,-5
1516786568493493,2,-2,21,-9,-10,-3,-3,-5
1516786568493493,0,-1,-10,14,12,11,4,5
1516786568502373,-1,0,-6,-6,-10,-4,-3,0
1516786568502373,10,0,29,-26,-10,-6,-3,0
1516786568517431,-3,-3,-24,-2,3,1,0,-4
1516786568517431,-2,2,-26,3,6,5,1,0
1516786568523575,-1,1,52,20,-3,-5,0,-3
1516786568523575,-8,-16,-85,-27,-5,-1,-2,-3
1516786568540490,-1,10,29,-3,1,-5,-1,2
1516786568540490,1,-2,-52,-6,-2,0,1,3
1516786568541476,-10,-6,-16,-11,-8,-5,-7,-7
1516786568541476,2,10,67,22,6,3,2,0
1516786568553654,1,-6,-53,-1,-1,0,4,6
1516786568553654,-4,-1,74,6,0,-3,-3,-5
1516786568562531,-4,-12,-9,-20,-8,-3,-3,-3
1516786568562531,1,9,24,8,4,3,1,1
1516786568576574,-1,-5,-6,4,-1,-3,-2,-1
1516786568576574,0,1,-4,-9,2,4,1,2
1516786568583804,-2,-7,-29,-2,-3,-1,1,2
1516786568583804,-7,8,75,19,-1,-5,-8,-6
1516786568600633,0,1,-6,-5,-5,-3,-3,1
1516786568600633,-1,-2,-5,3,1,0,-1,-1
1516786568601639,-2,0,-10,-12,2,-2,0,-3
1516786568601639,2,-3,-16,4,-2,1,0,4
1516786568613700,1,0,-4,-2,-4,0,-1,-1
1516786568613700,-3,0,-1,12,7,-1,0,-1
1516786568622691,3,2,11,0,-2,1,0,0
1516786568622691,-2,-3,-46,3,-1,-2,0,0
1516786568636730,-3,-1,15,4,-4,-3,-2,-2
1516786568636730,-1,-2,-3,-18,-6,0,-2,-5
1516786568643967,-2,-1,-4,-1,-6,2,4,2
1516786568643967,2,-1,1,7,10,3,3,2
1516786568661026,0,-1,-2,-7,-4,-2,-2,-1
1516786568661026,-4,-2,-22,-3,-3,-3,-1,-1
1516786568661797,0,-3,7,2,0,4,0,1
1516786568661797,-1,3,4,1,-3,1,-1,-3
1516786568673975,-1,-1,2,2,4,0,-1,-3
1516786568673975,3,2,4,0,-1,1,-1,1
1516786568682853,-13,-3,-10,-9,-6,-6,-4,-4
1516786568682853,0,4,11,6,-3,-3,-4,-2
1516786568697891,16,1,-8,-14,-5,-2,0,0
1516786568697891,5,-4,-8,9,3,-3,3,10
1516786568704055,4,10,20,50,29,10,3,-4
1516786568704055,0,-15,0,56,25,8,-2,5
1516786568718949,-10,9,2,-41,-19,-7,9,1
1516786568718949,1,5,5,41,34,11,-11,-5
1516786568726110,-6,0,-46,-128,-97,-40,-28,-14
1516786568726110,-15,-42,31,69,50,24,19,2
1516786568742163,10,5,-1,40,-17,-2,1,-3
1516786568742163,-4,-13,-6,-35,-21,-2,16,-3
1516786568743012,2,8,-1,-5,8,4,-15,-4
1516786568743012,-4,1,-37,-80,-38,-34,-27,6
1516786568757202,-6,2,1,2,4,4,1,3
1516786568757202,-8,-6,-14,-40,-14,-5,2,-11
1516786568764191,0,-11,2,2,-1,1,6,1
1516786568764191,10,5,15,21,3,-1,2,-2
1516786568779140,-7,-9,-4,13,13,3,-1,6
1516786568779140,-1,10,0,10,-15,-8,-8,-5
1516786568786127,-6,-8,-14,-53,-16,0,1,-7
1516786568786127,-1,11,26,49,39,18,8,4
1516786568802169,1,7,9,17,5,-1,-7,-2
1516786568802169,-5,-13,-19,-44,-7,-3,-2,-5
1516786568802169,6,-1,27,34,7,-4,-10,7
1516786568802169,6,-4,-34,-63,-22,7,38,1
1516786568817209,-2,12,27,4,-4,-14,-13,-3
1516786568817209,0,-10,-20,-1,-5,-21,-22,0
1516786568823262,-3,7,15,19,36,25,6,-4
1516786568823262,3,3,-10,-20,-24,-10,-7,6
1516786568839268,9,-13,-24,14,14,47,33,-4
1516786568839268,-23,8,1,-38,-6,-16,-9,-41
1516786568846286,21,-7,10,57,15,15,8,51
1516786568846286,-26,10,-43,-51,-27,2,-12,-22
1516786568861327,3,-7,-8,0,-4,-12,-7,-1
1516786568861327,14,-7,-67,-18,6,19,21,14
1516786568862329,2,0,69,15,-1,-29,-20,-25
1516786568862329,-9,4,22,9,-10,-3,-3,9
1516786568877370,5,-3,-25,-9,5,-2,-8,2
1516786568877370,-4,-3,-8,0,0,3,0,-3
1516786568883386,-5,4,-31,-2,0,1,7,-8
1516786568883386,7,-4,14,-4,-7,0,-1,2
1516786568898426,-9,0,6,-16,-4,-7,-4,-11
1516786568898426,0,2,11,-53,-18,-5,2,-3
1516786568906447,5,10,33,85,58,35,41,33
1516786568906447,6,-1,-27,-69,-66,-48,-47,-15
1516786568921492,24,5,8,51,43,16,30,52
1516786568921492,-59,-25,-21,-76,-87,-25,-19,-34
1516786568922489,10,20,24,81,64,24,8,5
1516786568922489,31,29,48,91,67,21,-10,-19
1516786568937531,-43,-26,-7,8,3,-29,-17,-4
1516786568937531,18,6,-6,-49,-30,-11,6,28
1516786568943776,9,-4,2,-35,32,16,22,3
1516786568943776,-50,-34,-23,-69,-38,-8,7,-1
1516786568958803,11,13,6,-39,-11,-2,-15,-20
1516786568958803,0,7,38,73,42,16,4,8
1516786568966719,-23,-15,-48,-60,-61,-27,-18,-27
1516786568966719,15,6,6,34,27,9,5,1
1516786568981648,1,2,11,-14,-1,2,2,3
1516786568981648,1,-5,1,15,4,0,-3,2
1516786568982651,9,-10,-22,-20,-18,-9,-5,-12
1516786568982651,14,12,39,48,10,7,9,31
1516786568997690,-23,-4,-38,-63,-25,-12,-10,-21
1516786568997690,16,4,40,29,16,5,-1,7
1516786569003707,-5,-7,-25,-33,-19,-13,-19,-6
1516786569003707,-7,-16,-49,-4,15,10,22,-4
1516786569018745,14,23,63,-1,-25,-7,5,1
1516786569018745,44,7,13,52,34,24,16,11
1516786569025793,1,8,-12,-7,-3,-11,-6,13
1516786569025793,-4,-18,-25,-55,-24,2,-1,-4
1516786569042048,-11,-12,-52,9,3,-2,-10,-18
1516786569042048,9,15,21,2,7,-3,-5,9
1516786569042811,-13,-19,-22,-32,-24,-11,-3,-3
1516786569042811,-8,8,-11,9,0,-6,-8,-13
1516786569057850,5,1,20,3,4,4,2,5
1516786569057850,0,-3,-10,13,8,-2,-5,2
1516786569064077,-2,-4,-8,0,-8,-3,-3,-9
1516786569064077,-5,2,17,-12,-5,-6,-5,-2
1516786569079050,-3,-7,-11,-13,-5,2,1,-3
1516786569079050,-6,1,1,9,-2,-3,-3,1
1516786569085928,-6,2,4,-2,-5,-9,-5,-5
1516786569085928,4,4,15,-24,-17,-3,4,0
1516786569101966,4,-1,-1,-2,6,1,-4,-2
1516786569101966,-8,-4,-13,27,-1,7,0,-3
1516786569102969,-5,0,-5,13,8,8,4,1
1516786569102969,0,-5,6,-14,-8,-1,-6,-2
1516786569118030,-5,-2,-10,-1,-2,3,-6,-2
1516786569118030,-3,5,16,0,3,1,-2,-2
1516786569124191,1,-3,-2,-2,-2,2,3,1
1516786569124191,2,0,-19,-3,4,0,1,2
1516786569139161,-4,-5,34,19,-2,-2,-5,-4
1516786569139161,-1,8,0,5,5,-1,3,1
1516786569146308,-3,-2,-6,-7,-9,-5,0,-1
1516786569146308,0,0,-15,-2,3,-6,-3,-4
1516786569162357,-1,-2,-3,-8,0,-1,2,2
1516786569162357,-2,-13,-1,-1,-3,-6,-4,0
1516786569162357,-3,1,-13,-1,-3,-2,-2,-4
1516786569162357,-1,2,13,13,9,-2,-1,0
1516786569177167,-2,-2,-5,-4,-4,-3,-2,-3
1516786569177167,-1,-3,-2,10,3,-3,-2,-3
1516786569184222,-1,1,8,-18,-7,-3,-1,-2
1516786569184222,1,-1,-4,2,5,0,1,-1
1516786569198260,0,-2,1,1,-8,-4,-4,0
1516786569198260,-5,-2,-3,17,19,4,1,0
1516786569214302,0,1,7,-1,-2,-1,-1,-1
1516786569214302,-1,-2,-18,-7,-5,-1,-2,1
1516786569221285,-1,-1,1,-4,-4,-3,-1,-2
1516786569221285,-4,-1,14,-2,-1,-3,-2,-1
1516786569222288,-2,-1,-15,-9,-4,0,1,-3
1516786569222288,0,5,31,13,0,-1,-4,-2
1516786569237338,-1,-2,-8,3,5,-3,-3,1
1516786569237338,-2,0,-7,-6,-5,0,-1,-2
1516786569243344,-3,-4,-4,2,-4,-3,-3,-4
1516786569243344,-2,-2,-4,2,2,-2,0,-1
1516786569258612,-1,-3,-12,-5,2,4,2,1
1516786569258612,0,2,23,3,-3,-2,-3,-1
1516786569266403,-2,-2,0,-2,-5,-3,-1,0
1516786569266403,-1,-1,-1,-2,-3,-4,-2,0
1516786569281443,-1,-4,-7,-7,-1,-1,-3,-2
1516786569281443,1,-2,-11,-3,-3,-4,-2,-1
1516786569282446,-1,-1,-4,-8,0,1,0,-2
1516786569282446,-3,-4,-7,6,1,-1,0,1
1516786569296484,-1,-1,16,-2,-6,-5,-3,-3
1516786569296484,1,-3,-16,-8,-1,-1,0,1
1516786569303503,-2,-2,8,3,-3,-3,-3,-2
1516786569303503,0,-1,-11,-7,0,-1,-1,-1
1516786569320599,0,-4,-13,-1,0,-1,0,2
1516786569320599,-2,-1,0,-5,-4,-3,-3,1
1516786569326645,0,-1,-13,2,5,1,0,1
1516786569326645,0,3,25,11,1,-2,-1,0
1516786569341637,-2,-5,-18,-3,-2,0,-1,-3
1516786569341637,-2,-1,6,2,2,1,0,-2
1516786569342623,0,-1,0,-4,-3,0,-2,-1
1516786569342623,0,-1,-9,-9,-7,-2,-1,-2
1516786569356644,1,3,-5,-2,2,-1,-2,0
1516786569356644,-2,-4,-13,-15,-8,-2,-1,0
1516786569363664,1,6,11,20,14,3,0,3
1516786569363664,0,0,9,4,-5,-3,-1,-3
1516786569378704,-2,-2,-1,1,3,-3,0,-1
1516786569378704,0,-3,-10,-8,-4,-2,-1,-1
1516786569385723,-1,-4,-2,-7,-3,-2,-3,-1
1516786569385723,-2,-2,-1,-3,-3,0,-3,-1
1516786569401922,2,4,0,-2,1,2,1,0
1516786569401922,-1,-7,-10,3,2,2,1,-1
1516786569402775,0,2,2,0,-3,-4,-2,0
1516786569402775,-1,0,-1,5,6,0,-1,-2
1516786569415955,-1,-3,12,4,0,2,0,0
1516786569415955,0,1,3,4,-3,-4,-3,-1
1516786569423976,0,-5,-6,-10,-6,-4,1,-2
1516786569423976,0,-3,-12,-9,-1,-3,-3,-1
1516786569438864,-1,-2,-7,1,-1,-1,1,0
1516786569438864,-3,2,29,9,5,2,0,-3
1516786569446038,-3,0,-5,-10,-7,-3,-3,-2
1516786569446038,0,3,10,11,12,1,0,-1
1516786569462081,-3,-10,-5,-3,-6,-2,-1,-2
1516786569462081,1,1,-3,2,-1,0,1,1
1516786569462928,-2,-1,4,0,-6,-2,-3,-2
1516786569462928,-1,-1,-4,-12,-7,1,1,0
1516786569476126,0,-1,-8,-2,1,-1,1,-1
1516786569476126,0,1,0,-2,0,-1,-1,-1
1516786569484154,-1,-2,-8,-1,-1,-1,0,0
1516786569484154,2,-3,-4,4,-4,0,-1,-1
1516786569499197,0,1,5,1,-2,-5,-3,-1
1516786569499197,-2,-4,-13,-8,-2,-1,-1,-5
1516786569506265,-2,0,5,-1,3,1,2,1
1516786569506265,-2,-3,-4,-1,-4,-1,0,-3
1516786569522085,0,0,-5,-6,-4,-1,-3,1
1516786569522085,0,0,3,4,2,-1,0,0
1516786569522085,-2,1,3,3,-5,-4,-4,-4
1516786569522085,0,0,6,6,-1,-1,-1,0
1516786569536122,-1,0,-2,-7,1,1,-1,-1
1516786569536122,0,-1,-14,-2,-2,-3,-2,1
1516786569544168,0,-2,-2,-8,-2,2,1,0
1516786569544168,-1,-1,-3,-8,-1,0,-3,0
1516786569559231,0,0,-3,0,-2,0,2,-1
1516786569559231,-2,-3,-2,3,-1,-2,-3,-2
1516786569566420,1,-2,-3,1,1,0,-1,-2
1516786569566420,-2,-3,-7,-9,-4,-2,-2,-1
1516786569582413,0,-1,-5,-5,-1,0,-4,-2
1516786569582413,-1,-2,-5,-8,-2,-1,-1,0
1516786569582413,-2,-1,5,11,3,0,0,0
1516786569582413,-3,-2,2,-3,-3,-2,-1,-3
1516786569596427,-1,0,-6,-2,-4,-3,0,-1
1516786569596427,0,-2,-1,1,4,3,2,1
1516786569604302,-1,-2,-3,-4,-3,-1,-1,0
1516786569604302,0,2,6,-4,-2,-3,-1,-2
1516786569618486,-2,-2,-7,-2,0,-1,-1,0
1516786569618486,0,2,23,3,-4,-2,-4,0
1516786569626361,0,-3,-11,-2,5,0,0,-1
1516786569626361,-3,1,8,16,8,0,1,-2
1516786569641401,-1,-2,-17,-10,-8,-6,-4,-3
1516786569641401,-2,-2,2,0,-3,-3,1,-1
1516786569649644,-1,-2,2,-3,0,1,-1,0
1516786569649644,-2,-4,-4,-6,-5,-2,-3,-3
1516786569656663,0,1,1,0,-3,0,-1,-1
1516786569656663,0,0,-7,6,5,0,3,-2
1516786569663681,-2,-3,1,1,0,-2,-1,-2
1516786569663681,0,-2,-2,0,-1,1,2,0
1516786569678638,0,-4,-2,-4,-2,-3,-2,1
1516786569678638,-1,-3,-19,-10,-3,0,-1,-1
1516786569686574,0,6,51,22,0,-4,-2,-1
1516786569686574,-1,-6,-32,-12,-2,-5,-3,-1
1516786569701701,-2,-2,0,-2,4,3,1,-4
1516786569701701,0,-1,-5,-3,-5,-4,-3,-1
1516786569709730,1,0,-15,-7,-1,1,0,-1
1516786569709730,-1,0,6,9,0,0,-1,-2
1516786569724769,-1,-1,3,1,-1,1,0,0
1516786569724769,-1,-5,-15,-8,-1,-3,-2,0
1516786569724769,1,5,19,9,-1,-1,1,-1
1516786569724769,0,1,2,-5,-3,-5,-4,1
1516786569738661,-1,-2,1,5,2,2,-1,-1
1516786569738661,0,1,1,-5,-3,0,1,1
1516786569746729,-2,-3,-14,-6,-2,-1,-1,0
1516786569746729,-2,0,-5,2,-3,0,0,0
1516786569760862,-2,-1,12,0,-2,-2,-1,-2
1516786569760862,-1,-1,0,-2,-3,0,-1,-3
1516786569769750,-1,-2,-13,-10,-6,-3,-2,-3
1516786569769750,0,1,11,6,2,2,1,-1
1516786569775898,0,-3,-17,-2,-4,-2,-2,-1
1516786569775898,1,2,11,3,5,-1,-2,-1
1516786569783918,-1,-2,-3,-2,0,0,-1,-1
1516786569783918,1,-1,7,-2,-3,0,-1,-1
1516786569798967,-1,-1,2,4,0,-3,-2,-1
1516786569798967,0,-1,-6,5,0,-2,1,-3
1516786569805985,-1,-4,-17,-17,-4,-2,-4,-2
1516786569805985,-2,-3,-14,0,4,3,1,0
1516786569820912,-1,4,28,6,2,-2,-1,-4
1516786569820912,0,3,10,5,-5,-5,-2,-4
1516786569829941,-2,-1,-9,-2,-3,-1,-2,-2
1516786569829941,-2,-2,-8,-10,-7,-3,-1,-2
1516786569843941,1,-3,-15,-7,1,0,-2,1
1516786569843941,-4,-2,-5,-4,0,2,-5,0
1516786569844944,1,-2,5,6,4,-1,4,-1
1516786569844944,2,1,3,-10,-6,-3,-1,1
1516786569859206,-1,-1,-25,3,5,5,5,2
1516786569859206,-3,0,20,4,-4,-9,-6,-5
1516786569866226,-1,-2,4,-5,-1,0,-1,0
1516786569866226,0,0,-9,4,1,-1,-3,-1
1516786569881263,2,0,-6,-3,1,2,2,0
1516786569881263,-1,1,12,10,1,0,-2,2
1516786569889115,-3,-6,-17,-9,-5,-4,-4,-4
1516786569889115,-3,-4,1,-5,2,0,1,-1
1516786569904314,0,4,12,6,4,1,-1,-1
1516786569904314,-1,-5,-23,-10,-2,4,4,2
1516786569905105,0,3,34,9,-5,-9,-4,-2
1516786569905105,-1,-1,1,-3,-5,1,-5,-2
1516786569919292,1,-1,-9,7,1,5,9,1
1516786569919292,0,1,4,-1,4,-1,0,-2
1516786569926319,-2,-4,-4,-12,-2,-5,-4,0
1516786569926319,-2,-1,-14,-8,-5,-2,0,-1
1516786569941230,-1,-3,-1,-6,-7,-6,-6,-3
1516786569941230,0,-3,-44,-11,2,6,-1,3
1516786569949364,-1,12,39,10,4,-5,0,-5
1516786569949364,4,3,21,3,0,-7,-5,-6
1516786569964260,-2,1,2,-1,-2,-4,-3,-1
1516786569964260,-2,-9,-28,-10,-7,0,1,2
1516786569965263,2,-5,-35,-17,-4,1,0,8
1516786569965263,-1,7,35,27,13,8,3,-1
1516786569978457,6,-3,-25,-18,-5,-8,-3,-5
1516786569978457,-15,-2,13,-2,-1,-1,-2,-7
1516786569986320,3,0,-9,3,-1,3,2,6
1516786569986320,-4,-3,-4,-9,-8,-4,0,1
1516786570001370,1,-1,7,3,-1,-4,-5,1
1516786570001370,5,0,-6,2,3,0,3,0
1516786570009531,-7,-2,-3,-5,-1,2,1,-10
1516786570009531,-8,2,27,19,-1,-2,-4,-1
1516786570024580,24,1,6,1,-3,-2,1,11
1516786570024580,-1,1,1,-15,-4,-3,2,1
1516786570025423,-5,-3,-5,-1,-2,0,-1,-5
1516786570025423,-3,6,27,14,4,0,-1,-6
1516786570038589,-12,2,11,17,4,4,0,-7
1516786570038589,5,-2,-5,-16,-5,-2,-8,-1
1516786570046521,7,1,-21,5,-2,0,10,4
1516786570046521,1,0,5,13,1,-5,-4,2
1516786570061751,-12,-16,-40,-44,-11,-6,-6,-7
1516786570061751,-2,2,10,11,1,1,-3,-6
1516786570069597,-17,-4,-8,-10,-4,0,-6,-7
1516786570069597,18,3,-28,-70,-28,-14,-3,1
1516786570084807,14,4,16,59,30,12,5,10
1516786570084807,-6,-2,-8,-26,-40,-19,-9,-5
1516786570084807,-3,-4,4,23,10,4,-2,-3
1516786570084807,-9,-6,-18,10,24,10,10,-16
1516786570098656,-10,0,7,-42,-40,-13,-15,-5
1516786570098656,-2,-7,9,34,9,-3,21,44
1516786570105673,-6,-4,-13,-84,-35,-8,-19,-40
1516786570105673,-8,-17,-17,25,-17,-9,-19,-10
1516786570120679,8,14,0,-27,-17,-10,0,19
1516786570120679,12,5,11,52,27,22,17,-10
1516786570129910,9,4,10,40,36,6,20,31
1516786570129910,-14,5,-7,-13,7,6,-10,-26
1516786570152961,-10,-14,9,8,-13,3,16,19
1516786570152961,-10,-5,-23,-58,-37,-30,-40,-24
1516786570152961,12,15,-2,-23,-26,8,7,-4
1516786570152961,12,-7,3,52,48,13,10,17
1516786570158816,-18,-3,-3,-20,-19,-2,9,6
1516786570158816,-3,-4,6,-50,-11,8,14,-9
1516786570166021,10,-2,23,87,58,8,-12,-3
1516786570166021,1,3,-6,-12,-44,-17,-7,1
1516786570190012,-6,-2,0,16,23,4,-8,-12
1516786570190012,0,0,-2,-19,-5,-1,-2,-5
1516786570190897,-8,-3,11,-12,-17,-2,6,4
1516786570190897,-1,-7,-36,-33,-9,-2,3,8
1516786570203934,-5,4,39,21,18,5,-13,-31
1516786570203934,-6,-1,-13,-7,10,6,7,-2
1516786570204901,34,4,36,-11,-14,-14,2,29
1516786570204901,-10,2,-18,35,17,6,2,8
1516786570219164,2,-6,-30,-47,-15,-4,-3,-1
1516786570219164,23,10,26,48,22,-10,-26,-5
1516786570226188,-14,-11,-35,-34,-6,-2,-5,-17
1516786570226188,-16,-13,-35,-36,-1,34,34,2
1516786570241217,-4,9,40,32,-2,-41,-35,-56
1516786570241217,-25,-14,-11,11,-6,-8,-17,49
1516786570249017,31,26,35,96,31,37,44,68
1516786570249017,-24,-20,-46,-115,-33,-34,-26,-33
1516786570264275,11,5,36,45,11,19,8,7
1516786570264275,-21,-1,-25,21,13,-21,-20,-50
1516786570265074,-11,-11,39,17,-15,-7,-13,0
1516786570265074,8,-6,-65,-22,2,7,6,-3
1516786570279219,3,6,13,-8,6,1,0,-1
1516786570279219,17,6,3,-30,-4,8,9,23
1516786570294290,-31,-9,-14,4,-3,-4,-6,-19
1516786570294290,1,5,31,20,6,4,-1,-1
1516786570301382,-2,-9,-23,-14,-5,-4,-4,-3
1516786570301382,-2,-2,24,10,5,22,36,-16
1516786570309179,-38,-14,-39,-54,-12,-3,-18,-19
1516786570309179,43,19,24,-2,-38,-46,-45,14
1516786570324219,38,30,-3,43,45,24,43,20
1516786570324219,-30,-33,-45,-75,-70,-28,-40,-48
1516786570325222,-20,-7,72,111,97,69,23,26
1516786570325222,-3,2,-9,-89,-76,-20,2,17
1516786570338257,43,19,-12,-21,3,7,-3,28
1516786570338257,6,-6,-12,18,-42,-12,7,-1
1516786570346282,-25,-31,-42,-60,17,-14,-22,-47
1516786570346282,-17,6,63,103,50,34,17,0
1516786570361457,-23,-19,-28,-47,-29,3,7,-6
1516786570361457,22,20,16,-15,-5,-5,2,7
1516786570369483,0,-5,-30,-46,-39,-26,-13,-5
1516786570369483,-4,-5,15,31,17,8,4,-5
1516786570384516,-7,-5,-18,-21,-17,-14,-8,-3
1516786570384516,-3,-5,-23,27,29,13,2,9
1516786570385381,9,8,34,6,-29,-14,-2,-7
1516786570385381,16,12,-18,9,17,0,6,7
1516786570398447,-8,-8,14,-28,-20,-14,-11,1
1516786570398447,-1,0,0,4,16,8,4,15
1516786570406436,-9,-5,-50,13,-12,-30,-36,-30
1516786570406436,31,9,31,-34,0,30,30,15
1516786570421478,-7,-27,-86,-30,5,-22,-17,18
1516786570421478,19,39,124,95,14,12,-1,0
1516786570429499,-5,-12,-76,-72,-38,-14,4,15
1516786570429499,-28,-18,-38,21,7,1,-16,-39
1516786570444571,-10,7,58,56,1,-57,-82,-29
1516786570444571,41,5,-2,-52,12,98,91,56
1516786570444571,-10,13,-25,-23,-15,-39,-37,9
1516786570444571,8,-2,13,-13,-4,-2,0,8
1516786570458576,-25,-12,-3,11,5,4,3,-18
1516786570458576,2,-3,0,15,3,-34,-36,-31
1516786570466731,10,8,31,8,-6,17,21,2
1516786570466731,-8,-4,-2,1,1,-1,10,8
1516786570481826,4,1,-3,-1,-11,4,6,-1
1516786570481826,-19,-8,-7,-7,-7,-15,-10,-3
1516786570489659,20,9,0,5,14,20,27,4
1516786570489659,-7,-3,0,3,-3,-22,-23,-8
1516786570504868,-19,-11,-12,-4,-10,14,12,-6
1516786570504868,-6,-1,-15,-54,-17,-2,3,1
1516786570504868,32,11,19,76,26,3,1,3
1516786570504868,1,-5,-6,-3,-16,-18,-11,-1
1516786570518953,-10,-2,-7,-5,-7,19,18,8
1516786570518953,-15,-5,-23,-9,9,-3,0,-2
1516786570526794,1,2,7,-29,-20,-16,-15,-17
1516786570526794,2,3,22,9,6,0,-3,1
1516786570540939,3,-3,-6,-8,5,16,19,5
1516786570540939,-7,-7,-22,6,1,-18,-19,-10
1516786570549867,4,2,2,-1,-6,-4,-4,-1
1516786570549867,-2,-4,0,5,4,8,15,6
1516786570564868,-7,-4,-24,-15,-2,3,-2,-1
1516786570564868,6,1,33,21,9,-9,-10,-6
1516786570564868,0,1,6,-3,-6,3,5,1
1516786570564868,0,-2,-4,-2,-1,-1,-2,0
1516786570579033,2,-1,-3,4,3,1,1,-2
1516786570579033,-4,-2,-11,7,6,-2,-1,2
1516786570586060,-2,-4,-13,-25,-10,2,2,1
1516786570586060,-2,-5,-5,3,-2,-8,-6,-3
1516786570601092,-2,7,28,12,2,1,3,-2
1516786570601092,0,-4,-10,0,4,3,0,1
1516786570609121,-5,-4,0,-15,-9,-6,-3,-3
1516786570609121,5,2,-5,11,9,3,-1,3
1516786570624137,2,0,7,6,1,5,5,2
1516786570624137,-6,-1,-2,-2,-2,-7,-4,-2
1516786570632182,1,-3,-14,-10,-4,-1,0,-1
1516786570632182,-3,0,4,-2,0,-1,-1,-2
1516786570639144,-1,-6,-16,-10,-2,5,3,-1
1516786570639144,-3,4,27,15,3,-3,-5,-2
1516786570646212,2,-3,-9,-3,-2,2,-1,-2
1516786570646212,-4,1,12,7,-3,-5,-2,1
1516786570661115,-2,0,-3,5,8,3,2,-2
1516786570661115,1,-3,-23,-8,-5,-5,-1,1
1516786570669358,-1,-1,-1,-10,-7,-2,-2,-2
1516786570669358,-3,-2,-2,-9,-9,-5,-4,0
1516786570684228,1,-1,1,1,-3,0,-1,-2
1516786570684228,-1,0,-11,23,10,1,-1,-1
1516786570692426,-1,0,10,-15,-7,-3,0,-3
1516786570692426,0,0,-6,-7,0,1,-1,-3
1516786570698434,1,0,-1,-5,-7,-4,-3,1
1516786570698434,-2,-1,-2,-1,-2,-4,-3,-1
1516786570707407,-3,-2,-8,3,-2,-2,-1,0
1516786570707407,0,-2,-2,-2,2,6,5,-2
1516786570721275,0,0,12,19,7,1,-1,1
1516786570721275,0,-3,-7,-9,-2,-5,-1,-2
1516786570729507,-1,-7,-15,-10,-4,-2,-1,1
1516786570729507,-3,3,24,8,4,-2,-4,-3
1516786570743339,-1,-1,3,-3,-3,1,0,-2
1516786570743339,-2,-2,-6,-2,-5,-3,-3,-4
1516786570752460,-1,-2,-11,-3,0,-2,0,-1
1516786570752460,1,-2,-6,-2,-2,0,-2,-1
1516786570767398,0,-1,-3,3,-2,-1,-2,-2
1516786570767398,-1,-1,-1,-10,-2,0,-1,0
1516786570767398,-2,-1,4,4,0,-1,1,-2
1516786570767398,-3,-2,-7,-4,-3,-1,-1,-1
1516786570781662,2,0,5,0,0,-3,-2,2
1516786570781662,-3,-4,0,0,2,-1,-3,-2
1516786570789456,0,0,2,4,1,0,-1,1
1516786570789456,-1,0,-7,-8,0,-2,-1,1
1516786570803526,0,-3,-6,0,-2,-3,1,0
1516786570803526,0,-1,-2,-3,-4,-1,-2,1
1516786570811652,-2,0,3,5,4,1,3,-1
1516786570811652,0,0,-1,0,-5,-4,-2,0
1516786570826683,-2,0,0,-9,0,-1,-2,-2
1516786570826683,-1,-1,-2,1,3,1,1,-2
1516786570827557,-1,2,11,8,-2,-7,-5,-2
1516786570827557,-1,-2,-4,-1,3,2,0,0
1516786570841595,0,-1,-4,-8,-6,-2,-1,-1
1516786570841595,-2,-1,-3,0,-1,-1,-1,-2
1516786570849831,-2,-5,-15,-10,0,3,0,0
1516786570849831,0,1,1,-3,0,-4,-4,-2
1516786570863654,2,2,6,8,-1,-1,-1,-2
1516786570863654,0,0,0,-4,1,-2,-2,-2
1516786570879908,-2,-3,-1,-3,2,3,0,-1
1516786570879908,-4,-2,-9,-3,-3,0,0,-1
1516786570886815,-2,-2,-10,-8,-1,-3,0,0
1516786570886815,-2,-2,2,-2,-6,-1,-1,-3
1516786570894910,0,0,2,3,0,0,0,-1
1516786570894910,1,3,19,14,-1,-5,-5,-2
1516786570900971,0,-4,-1,-2,-2,-1,-1,-3
1516786570900971,-1,1,0,-14,-4,-1,0,0
1516786570909775,-2,-1,-2,-2,0,-1,-1,-1
1516786570909775,-1,0,3,3,0,-1,1,1
1516786570923964,0,-2,-3,-1,0,1,0,0
1516786570923964,-2,-2,-8,2,0,-2,0,-2
1516786570932838,0,0,-1,-13,-4,-2,-1,-2
1516786570932838,0,3,12,17,-2,-4,-3,-3
1516786570946016,-2,-2,-4,0,3,3,1,-1
1516786570946016,0,-2,-8,-4,-1,-2,0,-1
1516786570954896,-1,0,-3,0,3,0,-2,-3
1516786570954896,0,-5,-12,-9,-4,1,0,1
1516786570961059,0,0,0,2,-2,-4,-2,-2
1516786570961059,-1,-1,1,5,2,1,1,0
1516786570969935,0,-1,0,-6,2,-1,0,0
1516786570969935,-2,-1,3,2,-4,-3,-2,-2
1516786570984118,-2,3,3,4,4,0,1,1
1516786570984118,-1,0,-4,-2,-4,-3,-2,0
1516786570992997,-1,-1,0,1,-2,3,0,-2
1516786570992997,-2,-2,-11,-7,2,1,-3,-3
1516786571008036,-1,-1,-5,1,-5,-3,-1,-1
1516786571008036,0,0,-2,-13,-2,-2,-2,1
1516786571023078,0,-1,9,12,3,1,0,-2
1516786571023078,-1,-1,-5,-4,-3,-3,-1,-2
1516786571024081,-2,-1,-4,-1,-4,-3,-2,-1
1516786571024081,-2,-1,0,0,1,3,-1,-2
1516786571030095,1,-1,-8,-8,-8,-2,-1,0
1516786571030095,-1,-1,0,2,2,-1,1,-2
1516786571044243,-2,-2,5,14,-1,0,-1,-2
1516786571044243,-1,-2,-4,-20,-6,-6,-3,-3
1516786571052202,-2,-1,-1,0,-1,-2,-2,1
1516786571052202,-1,-1,-3,-5,-1,0,1,0
1516786571066228,-1,-1,-2,-2,3,0,-1,0
1516786571066228,0,-4,0,3,-1,-1,-2,-2
1516786571075216,-2,-1,0,0,-7,-4,-1,-1
1516786571075216,0,-1,-2,1,9,2,2,2
1516786571081454,-1,-1,-3,-6,-4,4,-1,-1
1516786571081454,0,0,2,0,0,2,-2,-2
1516786571090258,-2,-2,-2,7,-1,-3,-1,-1
1516786571090258,0,0,4,-9,-6,-5,-2,-2
1516786571103291,-2,-4,-12,-20,-5,-6,-5,-4
1516786571103291,-2,2,19,19,5,2,1,0
1516786571112392,-3,-4,-11,-4,-4,-4,-2,-1
1516786571112392,1,-3,-7,0,0,-2,0,0
1516786571126561,0,1,1,-2,1,-1,0,1
1516786571126561,1,-2,-11,-7,-2,-2,-3,0
1516786571135376,-1,0,3,5,0,-4,-4,-2
1516786571135376,-4,0,-1,3,-4,2,-1,-1
1516786571141537,-1,0,1,-5,-4,-3,-2,1
1516786571141537,-3,-3,-2,11,5,1,3,0
1516786571157442,0,0,5,2,-3,-3,-1,-1
1516786571157442,0,-3,-5,-10,-7,-3,-3,1
1516786571163597,-3,-1,2,6,-4,-4,0,-1
1516786571163597,0,-1,2,0,-1,1,0,0
1516786571172491,-1,-2,1,-2,5,5,0,-1
1516786571172491,-1,-1,-1,-3,-2,-5,-1,-1
1516786571186512,-1,-2,-3,-2,1,0,-1,-2
1516786571186512,-2,-1,-2,4,-6,0,1,-1
1516786571195535,0,-1,-4,-5,0,-1,-1,0
1516786571195535,0,-1,-4,-2,7,4,0,0
1516786571201551,0,-1,0,-2,-5,-6,-2,1
1516786571201551,-2,-4,-1,8,-2,-5,-2,1
1516786571210590,0,1,-5,-12,6,6,2,1
1516786571210590,-1,0,-3,2,2,6,0,-3
1516786571223609,-1,-1,2,-4,-9,-4,-3,-4
1516786571223609,-1,1,5,1,1,-6,-4,-1
1516786571232650,-1,-2,0,4,-4,-8,-4,-3
1516786571232650,-4,-4,1,-1,1,-1,0,0
1516786571245668,1,-1,-3,-6,3,5,4,1
1516786571245668,5,1,-4,0,-1,-2,-3,-1
1516786571254694,-2,1,3,10,-7,-3,0,-1
1516786571254694,-3,-3,-5,-11,3,-2,-1,0
1516786571260710,-5,-4,-5,4,6,4,-1,-2
1516786571260710,-4,0,-5,-8,-6,-6,-3,-2
1516786571269734,1,1,8,6,1,0,0,0
1516786571269734,-2,-1,-5,-1,-8,-3,-2,1
1516786571283769,-3,-2,-1,-6,-1,-7,-2,-1
1516786571283769,2,-1,2,0,6,2,2,1
1516786571292795,0,-1,-6,-3,0,2,0,-2
1516786571292795,-1,3,1,2,-4,-10,-4,0
1516786571306831,1,-1,-5,-2,-4,2,-3,-2
1516786571306831,-2,-3,1,-3,-11,-4,-1,-2
1516786571313849,1,1,-10,-3,7,2,0,-1
1516786571313849,0,-1,9,11,2,1,-2,-4
1516786571320869,0,0,-8,-6,2,5,2,3
1516786571320869,-9,-4,8,1,-6,-1,-5,-4
1516786571329899,-4,-5,-2,-10,-12,-8,-5,-3
1516786571329899,5,3,-9,-3,-2,-3,2,0
1516786571343931,-1,-2,-3,1,-2,-2,-2,-2
1516786571343931,0,-1,6,10,-9,-1,-1,-1
1516786571352953,-3,-1,-1,1,3,-3,-2,-2
1516786571352953,-8,-7,5,-15,-3,-8,-1,-1
1516786571366991,-3,2,6,4,0,4,0,-3
1516786571366991,6,3,-9,-5,8,17,8,3
1516786571374014,5,1,-5,-1,2,0,2,0
1516786571374014,-1,2,3,8,-4,-1,-1,-2
1516786571381028,-5,-4,0,2,11,-6,-3,-2
1516786571381028,-4,-5,-9,-9,-4,-11,-3,-3
1516786571390052,-3,-2,6,-1,-18,-5,-4,-2
1516786571390052,4,0,-1,-2,14,13,-5,2
1516786571405093,3,3,1,-4,2,2,14,5
1516786571405093,-2,-2,-10,-5,-10,-6,-6,-5
1516786571413113,-1,-1,17,8,-9,-14,-3,-2
1516786571413113,-1,0,7,5,8,18,4,-1
1516786571426149,-4,-5,-20,-9,2,-3,-5,-5
1516786571426149,-4,2,4,-1,-5,-7,-2,-2
1516786571435194,2,-4,-14,-7,-2,-3,-2,0
1516786571435194,7,0,7,12,1,-1,5,4
1516786571441190,1,0,4,5,9,7,-6,-1
1516786571441190,2,-1,-6,-2,1,-1,4,-2
1516786571450215,-7,0,-2,-17,-7,-11,-10,-7
1516786571450215,-9,-5,-8,-10,-24,-9,1,3
1516786571463246,1,1,13,5,-2,7,2,0
1516786571463246,11,1,-10,3,14,2,-8,4
1516786571472271,3,2,3,6,11,8,17,3
1516786571472271,-3,-2,-18,-8,-1,-9,-8,-8
1516786571487312,-7,-5,-3,-14,-25,-20,-8,-4
1516786571487312,-9,-5,4,-5,-16,-5,-2,-3
1516786571489317,1,-2,0,4,16,8,-7,1
1516786571489317,2,1,-7,2,7,10,13,0
1516786571501349,-3,0,9,6,8,4,-4,-1
1516786571501349,-2,-1,-2,-7,-5,-7,-6,-4
1516786571510373,1,-1,-13,-9,-22,-16,-9,-3
1516786571510373,-13,0,13,4,-16,-9,-10,-7
1516786571523406,6,0,-1,7,34,23,14,0
1516786571523406,5,3,0,7,9,5,-6,7
1516786571532442,-3,-3,-4,-6,-4,1,10,3
1516786571532442,0,-3,-6,-4,0,-7,-5,-2
1516786571546469,-3,-1,-3,-5,-17,-6,-8,-7
1516786571546469,-4,-4,-5,-6,-5,-8,-3,-4
1516786571553488,-2,2,5,5,-1,5,1,2
1516786571553488,1,1,7,5,7,5,-2,-2
1516786571561510,3,-1,-4,6,12,0,1,0
1516786571561510,-2,-1,1,2,8,5,8,0
1516786571570533,-9,-3,-2,-1,0,0,-9,-1
1516786571570533,1,-2,-11,-12,-27,-17,-1,-4
1516786571583573,-1,-1,3,-2,-2,-13,-10,-1
1516786571583573,-1,-1,3,0,-1,11,15,2
1516786571592595,-2,-2,-4,3,22,2,-3,-6
1516786571592595,1,-2,-2,-8,-13,8,-2,0
1516786571606630,-3,1,4,3,7,-2,0,-2
1516786571606630,2,0,-1,-3,-21,-15,-18,0
1516786571613653,-7,1,8,6,30,27,27,10
1516786571613653,0,-3,-4,1,-5,-10,1,-1
1516786571620672,-1,0,-2,4,8,5,-4,0
1516786571620672,-1,0,-7,1,2,-3,0,-5
1516786571629861,2,-4,2,-5,-10,-10,-10,-4
1516786571629861,1,-2,-5,-7,-6,-9,-7,-3
1516786571652913,-1,-1,-1,-5,-26,-2,-3,-2
1516786571652913,1,1,9,12,42,25,21,7
1516786571653847,0,-2,-9,-5,-9,-2,-6,-4
1516786571653847,-2,-2,-7,0,13,-3,-5,-6
1516786571666788,1,-3,2,-11,-33,-29,-9,2
1516786571666788,-3,-4,-3,-5,10,12,3,-1
1516786571673807,0,3,9,7,-4,1,-5,-5
1516786571673807,1,-1,-4,8,7,0,4,0
1516786571681067,-5,1,-1,-1,13,6,-7,-5
1516786571681067,-1,-2,-7,-8,-16,-11,6,1
1516786571689908,0,-3,-10,-7,-11,-9,14,0
1516786571689908,1,2,6,2,2,4,-3,3
1516786571713035,-2,-2,-3,3,6,-1,2,0
1516786571713035,-3,-2,-2,-4,-9,-7,-6,-4
1516786571713914,1,1,-1,-4,-3,0,-11,-2
1516786571713914,-3,-3,0,-2,-6,-5,3,-3
1516786571727166,0,-1,-6,0,3,5,4,7
1516786571727166,0,-1,-4,-11,-8,-15,-12,-6
1516786571734105,0,0,5,4,-18,-3,3,3
1516786571734105,1,4,5,10,48,33,4,-1
1516786571750229,-4,-1,-11,0,-6,-4,4,-3
1516786571750229,2,-3,-4,-9,-8,-1,-6,-4
1516786571752024,-3,-2,-2,-3,-16,-15,-19,-4
1516786571752024,0,-1,-1,-4,-8,-11,7,3
1516786571764175,-3,-1,-2,-9,-11,-7,-6,-5
1516786571764175,-4,-2,4,-1,-18,-15,5,0
1516786571772071,4,2,6,5,23,38,5,3
1516786571772071,-6,1,-2,10,28,17,5,-6
1516786571787254,5,-1,1,0,2,1,0,6
1516786571787254,-2,0,-6,-5,-8,-16,-11,-4
1516786571794187,-7,-3,-10,-7,-18,-24,-5,-4
1516786571794187,11,-2,1,3,14,12,6,7
1516786571810315,-5,-2,-12,-6,-6,-5,-1,-2
1516786571810315,-2,0,9,5,9,11,-7,-3
1516786571812208,-3,-4,-11,-10,0,-13,-4,-4
1516786571812208,-2,2,-1,-14,-29,-7,-9,-2
1516786571824256,6,-4,9,4,-7,2,12,2
1516786571824256,-2,-2,-11,6,16,10,0,0
1516786571832357,0,0,1,8,10,1,3,-1
1516786571832357,-1,-1,-7,-9,-9,-15,-8,-2
1516786571847379,1,-1,-7,-6,-26,-10,-7,-3
1516786571847379,-5,-2,8,8,12,11,4,2
1516786571853430,1,-1,1,0,11,8,1,0
1516786571853430,-1,-3,-4,-3,-11,0,4,0
1516786571870331,1,3,3,13,9,-3,-5,-3
1516786571870331,-2,0,-3,-7,6,4,3,0
1516786571871352,1,-3,-9,-11,-9,-11,-8,-3
1516786571871352,-12,-5,7,2,-19,-17,-6,-7
1516786571883600,3,0,10,2,11,2,-2,-3
1516786571883600,-1,0,-8,2,-1,1,-1,0
1516786571892523,8,4,-4,-2,-7,-3,0,0
1516786571892523,12,5,-3,3,21,18,4,7
1516786571906629,-12,-10,-7,-2,-3,-1,0,-1
1516786571906629,-22,-6,2,-4,-14,-12,-6,-11
1516786571913446,4,0,3,-3,-11,-8,-1,-2
1516786571913446,21,9,1,-2,-3,-5,3,8
1516786571929488,1,-4,-4,2,19,12,3,4
1516786571929488,-1,-2,-16,-9,-12,-7,-1,0
1516786571931492,-17,-3,4,13,4,-1,0,-5
1516786571931492,-10,-3,6,-18,-13,-1,-6,-8
1516786571943525,-5,-4,2,10,-2,-3,3,-4
1516786571943525,21,7,26,27,25,18,9,8
1516786571952549,0,4,-11,-3,5,-5,-3,6
1516786571952549,-17,-18,-19,-8,-17,-18,-7,-10
1516786571966587,-7,0,-4,-9,-14,-4,-4,-6
1516786571966587,-2,4,1,1,28,23,9,3
1516786571973604,6,-5,5,4,8,-1,2,5
1516786571973604,1,12,0,6,1,-6,-5,-1
1516786571989844,-5,-8,-12,-12,-16,-10,-9,-12
1516786571989844,-12,-7,1,-22,-35,-32,-8,-5
1516786571991654,30,13,-3,-4,0,11,5,10
1516786571991654,-1,1,-3,10,36,21,5,3
