timestamp,emg1,emg2,emg3,emg4,emg5,emg6,emg7,emg8
1516691213795543,-1,-4,-12,2,-6,-3,-3,1
1516691213795543,8,-5,0,2,6,0,2,2
1516691213796475,-4,6,8,2,2,3,5,4
1516691213796475,5,-2,-8,-5,-7,-4,-10,-6
1516691213796958,-5,2,1,-2,-1,-1,-3,2
1516691213796958,-6,3,3,-1,-1,1,10,18
1516691213798036,-1,-8,-3,0,-2,-5,-7,-19
1516691213798036,-1,8,2,4,3,3,4,6
1516691213808574,7,-15,-7,-8,-3,-2,-2,-4
1516691213808574,-8,0,-9,-8,-3,-3,-1,-1
1516691213817045,8,47,25,6,0,-2,-3,6
1516691213817045,-34,-56,-15,-2,-4,0,-3,-9
1516691213825066,15,58,21,9,2,1,1,4
1516691213825066,-2,3,-8,-1,-4,-1,-3,-3
1516691213838599,-2,6,-7,0,1,-2,1,-1
1516691213838599,-1,-48,-1,2,1,-3,-1,-2
1516691213850101,-1,3,0,3,1,-1,2,5
1516691213850101,3,12,-2,-7,-7,-4,-8,-17
1516691213853612,-3,-12,-5,0,2,0,0,1
1516691213853612,14,15,3,-2,0,-1,3,7
1516691213870152,-13,-19,-9,-4,-1,0,0,0
1516691213870152,4,4,5,3,-1,-2,-5,-12
1516691213877178,-4,-22,-6,-5,-1,-1,-1,0
1516691213877178,4,16,-8,-7,-3,-2,0,1
1516691213916781,-6,-13,-2,-10,1,0,-2,-2
1516691213916781,2,32,23,19,9,3,4,2
1516691213917277,9,4,1,-2,-4,-3,-1,2
1516691213917277,-2,-6,-7,2,-1,1,-4,-2
1516691213918321,10,3,-7,-9,-5,-2,-3,-1
1516691213918321,-47,-34,-19,-13,-4,-3,-1,-8
1516691213920825,3,-31,-28,-13,-8,-8,-7,-1
1516691213920825,12,63,51,21,9,7,4,2
1516691213929811,-5,-17,-6,4,-2,-3,-2,-2
1516691213929811,8,6,6,5,1,2,-1,0
1516691213935859,4,13,3,2,0,-2,0,-2
1516691213935859,-19,-60,-22,-7,2,-4,-1,-6
1516691213944850,1,12,7,0,-3,-1,1,0
1516691213944850,10,6,-3,6,1,0,-2,-1
1516691213966947,-11,-3,-1,-6,-2,-1,-1,-3
1516691213966947,8,18,5,-1,0,0,3,3
1516691213968959,-2,1,-2,4,1,0,0,0
1516691213968959,3,-13,-15,-10,-8,-5,-6,-1
1516691213973428,-6,4,11,2,5,5,3,-1
1516691213973428,-3,0,-7,-1,-2,-2,-3,-1
1516691213988499,1,-21,-2,2,-2,0,-3,-1
1516691213988499,2,0,10,7,3,1,0,1
1516691213995988,0,12,5,2,2,1,1,2
1516691213995988,-5,-28,-23,-9,-5,-3,-1,-1
1516691214004510,-9,4,-6,-13,-3,-3,-2,-5
1516691214004510,25,88,24,10,-1,-3,-1,4
1516691214018582,3,-9,20,15,8,6,1,2
1516691214018582,1,10,-6,1,-6,-2,-5,-3
1516691214035593,-2,-13,-11,-5,1,-4,-1,0
1516691214035593,-6,8,2,-12,-4,-2,2,-2
1516691214036094,21,1,-18,-2,-6,-5,-1,1
1516691214036094,-14,-49,4,-7,-3,-2,-8,-6
1516691214049631,5,22,14,11,6,3,4,4
1516691214049631,-4,-22,-10,-8,-3,-3,-2,0
1516691214055646,-7,-6,-10,-5,-1,0,-1,0
1516691214055646,4,2,-6,-8,-4,-1,1,0
1516691214064670,-3,-3,2,3,-1,-3,-4,-2
1516691214064670,1,-17,-2,-1,1,0,0,0
1516691214078297,-8,2,-3,-9,-4,-1,-3,-3
1516691214078297,0,0,-1,1,-2,-2,2,0
1516691214087230,-1,8,-4,-2,-3,-2,-3,-1
1516691214087230,1,3,-2,2,-1,1,-2,0
1516691214093247,-6,-2,3,0,1,1,-1,-2
1516691214093247,-1,19,9,4,0,0,-1,1
1516691214108286,4,-19,-4,-3,0,1,-2,0
1516691214108286,-7,-23,-8,1,-3,-1,-2,-3
1516691214115807,8,29,6,-5,-5,-3,0,0
1516691214115807,-9,-21,-21,-7,5,-2,-2,-2
1516691214124830,-1,17,8,-3,-4,-1,-1,-1
1516691214124830,0,1,1,-2,-2,0,-2,1
1516691214138366,-7,-7,-1,3,-2,2,-2,-2
1516691214138366,11,14,-1,-3,0,0,1,2
1516691214147391,-3,-1,4,7,0,0,0,-1
1516691214147391,-11,-47,-12,-3,-1,-2,-2,-4
1516691214153447,10,62,15,-5,-4,-3,0,2
1516691214153447,2,-11,-7,-5,3,-2,-1,0
1516691214176558,1,5,2,3,-1,0,1,-1
1516691214176558,-1,-10,-4,-2,-3,0,-2,-2
1516691214177496,-3,-12,-2,5,4,0,0,-2
1516691214177496,-1,-2,-2,-3,-7,-3,-1,-2
1516691214184528,-4,-5,-14,-6,-5,-2,-2,1
1516691214184528,3,6,0,-10,1,-2,0,-1
1516691214198543,-7,-26,-8,0,-1,-3,-4,-6
1516691214198543,2,15,4,4,-2,-2,-3,-1
1516691214207049,0,-1,-2,0,-2,2,-3,-3
1516691214207049,-3,3,-1,-3,2,0,2,0
1516691214213070,1,-4,-6,5,-1,-1,0,-1
1516691214213070,-4,-1,2,0,-2,-4,-4,-2
1516691214228191,-2,0,-3,-3,-3,-3,-1,0
1516691214228191,5,15,2,-5,-2,-2,-2,1
1516691214235627,-3,-6,-4,6,3,0,0,-1
1516691214235627,0,0,-4,0,-2,-1,0,0
1516691214244649,-1,-5,-2,-5,-3,-3,-1,-1
1516691214244649,4,26,13,6,3,2,1,0
1516691214258185,4,-17,10,11,1,4,0,2
1516691214258185,-12,14,4,8,6,0,0,-2
1516691214267226,-3,-1,-9,-1,2,-1,-2,-4
1516691214267226,-3,-2,-1,-7,-5,-4,-3,-2
1516691214289862,-3,-34,-19,-12,-6,-4,-4,-5
1516691214289862,1,16,6,-4,-3,-1,1,-1
1516691214291273,1,3,3,4,3,-1,-2,-1
1516691214291273,-1,-4,-2,2,0,1,0,0
1516691214295786,-3,16,5,-4,-1,-2,0,-1
1516691214295786,1,-15,-5,0,-2,-1,-1,-2
1516691214312329,-2,0,0,-2,0,-1,0,-1
1516691214312329,-1,-13,-5,-3,-4,-2,-2,-2
1516691214319882,-3,0,-4,5,5,-2,0,0
1516691214319882,-3,-12,-3,-10,-2,-1,1,0
1516691214327369,3,3,12,5,0,-1,0,2
1516691214327369,-3,-8,-2,10,1,1,-1,-1
1516691214341410,-3,11,6,-5,-2,-3,-1,0
1516691214341410,-2,-13,-11,-6,-5,-4,-1,-2
1516691214348425,-1,3,-2,-4,2,1,-1,-3
1516691214348425,-1,9,5,-1,-1,-1,0,1
1516691214355948,-4,-32,-13,-3,-1,0,-2,-1
1516691214355948,-2,-7,5,-3,-7,1,-3,-3
1516691214364506,9,-2,-2,3,4,0,0,3
1516691214364506,-6,-16,-13,-5,-2,0,-2,-1
1516691214378095,4,34,15,4,1,-1,-1,-1
1516691214378095,0,-23,0,9,2,2,0,-1
1516691214387047,-9,10,4,4,1,0,0,-3
1516691214387047,2,-9,-7,-2,-2,-2,-2,-1
1516691214401566,-5,-8,-7,-12,-3,0,-1,0
1516691214401566,9,11,2,1,1,-2,1,0
1516691214408178,-4,-7,-7,-1,-4,0,0,0
1516691214408178,-1,-6,3,-3,0,0,-1,-2
1516691214415604,-3,8,7,5,-1,-2,0,-3
1516691214415604,-3,-10,-10,-3,6,1,-2,0
1516691214424629,-1,0,6,-3,-3,-1,1,0
1516691214424629,-5,-21,-8,-7,-6,-4,-1,-2
1516691214438249,0,6,-2,-1,0,-1,-1,-1
1516691214438249,0,10,7,6,3,1,-1,1
1516691214447188,-2,-8,-3,3,2,1,-1,1
1516691214447188,4,24,6,-3,-2,-2,0,-2
1516691214461309,-11,-41,-14,-12,-7,-4,-2,-5
1516691214461309,-1,5,2,8,2,-2,-2,0
1516691214468243,1,-3,-3,-9,-5,-1,-3,0
1516691214468243,-2,-2,-6,3,1,0,0,0
1516691214475764,-3,3,-4,-7,-2,0,0,0
1516691214475764,-1,6,3,2,-3,-2,1,-2
1516691214484899,2,4,-1,-7,-5,-2,-1,-1
1516691214484899,2,5,1,1,0,-1,0,1
1516691214498502,1,-33,-24,-7,-2,-2,-3,0
1516691214498502,2,37,13,1,-1,-1,-1,1
1516691214507452,-2,-12,5,10,0,3,-2,-3
1516691214507452,-4,1,-1,-2,1,0,-1,-2
1516691214521519,-2,0,2,2,-1,-1,-2,1
1516691214521519,6,-4,-8,-7,-3,-1,1,1
1516691214528509,-13,-12,-5,-6,0,-2,-2,-4
1516691214528509,1,2,5,1,-3,-1,-4,-1
1516691214535527,5,6,-1,1,2,2,0,1
1516691214535527,0,-4,0,-2,-4,-2,1,7
1516691214550566,0,12,1,-3,-5,-4,-1,-1
1516691214550566,-1,-16,-14,-3,1,-1,-2,-3
1516691214558120,-1,12,14,0,-4,0,-3,-2
1516691214558120,0,1,6,11,8,4,2,0
1516691214567169,1,5,2,4,1,-2,1,-1
1516691214567169,1,-11,-11,-5,-3,-2,0,-1
1516691214581208,-1,9,1,0,-1,-2,0,-2
1516691214581208,-4,-5,-9,-9,-5,-3,-3,-4
1516691214589730,-2,-5,5,-2,0,-1,1,0
1516691214589730,1,8,-2,1,0,0,0,0
1516691214595746,-1,6,7,8,1,1,0,-2
1516691214595746,-1,-8,-13,-12,-6,-3,-4,-1
1516691214610823,4,3,1,3,4,0,1,-1
1516691214610823,-4,2,1,0,-1,-1,-1,-4
1516691214618342,-5,-11,-5,-5,-4,-3,-1,1
1516691214618342,-3,0,3,1,-1,1,1,-3
1516691214627330,1,1,-3,4,2,1,-3,-1
1516691214627330,-4,-10,-5,-6,-7,-2,-1,-1
1516691214641367,0,5,5,13,2,-1,1,1
1516691214641367,0,1,0,-4,-1,-2,-1,-2
1516691214648387,1,4,-4,-1,-4,-3,-2,-1
1516691214648387,-5,-24,-7,-3,-3,0,-2,0
1516691214655904,-4,-3,-4,-3,1,-1,-1,-8
1516691214655904,0,5,4,3,-4,1,0,0
1516691214670944,6,-6,-17,-12,-7,-2,1,8
1516691214670944,-4,0,6,-8,3,1,1,1
1516691214678478,5,13,20,26,6,3,2,3
1516691214678478,-4,-8,-7,-4,-5,-1,-4,-4
1516691214687490,-9,-2,-3,-4,-2,-2,-3,-7
1516691214687490,1,-2,-7,-6,-5,-3,-1,0
1516691214701563,1,0,-7,-7,4,1,-1,-1
1516691214701563,-3,-1,3,1,-1,-1,-3,-5
1516691214708080,-1,-20,2,4,0,0,0,0
1516691214708080,0,14,3,3,0,-3,-1,0
1516691214715564,-7,-16,-8,-7,-4,-2,-1,0
1516691214715564,3,1,-3,-3,-1,0,-2,2
1516691214730647,-2,2,-2,-7,-3,-1,-1,-2
1516691214730647,1,-7,-10,1,-1,-2,-3,-1
1516691214738156,-1,4,4,-18,-6,-2,-1,-2
1516691214738156,5,6,9,15,4,2,3,4
1516691214747152,-5,-2,-7,-5,-3,-3,-3,-5
1516691214747152,-1,9,7,8,1,2,0,-2
1516691214761687,-4,-5,-18,-14,-7,-4,-3,-1
1516691214761687,-3,-6,2,-10,-3,-2,-4,0
1516691214768203,2,8,20,24,12,3,2,1
1516691214768203,0,-5,-12,-9,-4,-3,0,0
1516691214775724,-2,-19,-13,-3,-1,-1,-1,-1
1516691214775724,2,30,24,-4,-4,-1,-1,1
1516691214790764,-1,-13,-12,1,-2,-2,-2,-1
1516691214790764,1,2,4,-2,-3,0,-1,-1
1516691214798368,-4,-7,-7,-1,0,-1,-1,-1
1516691214798368,-4,-12,-12,-3,-2,-2,-3,-3
1516691214807322,1,3,-7,-12,-3,-3,1,-1
1516691214807322,-2,-10,8,7,4,1,-1,-1
1516691214821429,5,24,19,11,1,-1,1,1
1516691214821429,-1,-8,-6,2,-2,-2,-1,-2
1516691214828449,-4,2,-2,-5,-1,-2,-2,-1
1516691214828449,-3,-6,-8,-2,-3,-2,-1,-2
1516691214835884,0,0,-2,-4,0,-1,-1,-2
1516691214835884,1,-1,3,-8,-1,-1,1,0
1516691214850931,-2,-2,-2,1,-2,0,-2,-2
1516691214850931,-1,-7,-4,5,0,-1,2,0
1516691214858477,2,18,9,5,1,-2,0,2
1516691214858477,-4,-8,-11,-5,-4,-4,-2,-2
1516691214866966,-1,4,-1,-7,-4,-2,-4,-3
1516691214866966,-6,-7,-5,-3,-3,2,0,-1
1516691214881506,-2,-15,-5,-2,-1,0,0,0
1516691214881506,1,6,2,-2,-1,-2,-1,0
1516691214888535,13,11,15,3,2,-1,0,3
1516691214888535,-8,13,11,12,3,1,-1,-1
1516691214904158,-11,-27,-22,-1,-2,0,-2,-3
1516691214904158,-4,-13,-11,-7,-4,-1,-1,-4
1516691214910583,-3,-6,-8,-5,-2,0,-2,0
1516691214910583,2,-15,-3,0,-1,-4,-1,-2
1516691214927210,2,7,3,-1,-2,-1,-2,0
1516691214927210,-5,-4,-9,-7,-2,-1,-3,-3
1516691214928631,2,30,10,1,-1,-1,0,0
1516691214928631,-2,-33,-7,-7,-2,-1,-1,0
1516691214941725,-1,4,6,5,-1,0,0,0
1516691214941725,0,-3,-4,3,-1,0,0,-2
1516691214948268,-1,-7,-10,-10,-7,-3,-3,-3
1516691214948268,-1,8,-4,-5,-1,-2,-2,0
1516691214963724,4,33,13,-4,0,-1,0,1
1516691214963724,-5,-41,-10,7,-1,-3,-5,-2
1516691214970744,-2,-5,-3,-1,-3,0,-1,-2
1516691214970744,-1,13,4,-2,-2,-2,-2,-2
1516691214987352,1,-13,-15,-3,-4,-2,-3,-1
1516691214987352,0,33,21,3,5,1,4,1
1516691214988791,-10,-51,-34,-14,-4,-5,-1,-5
1516691214988791,1,68,37,11,2,0,-2,2
1516691215001324,-8,-17,-6,2,-4,-1,-2,-2
1516691215001324,14,8,-6,-4,-2,0,0,1
1516691215008436,-13,-16,-8,1,0,0,-1,-5
1516691215008436,9,-2,-7,-6,-1,-1,1,-1
1516691215023885,-3,-1,-8,-14,-3,-2,-3,-3
1516691215023885,-5,9,19,7,4,1,-1,-1
1516691215030952,2,6,6,14,3,2,1,1
1516691215030952,5,-16,-7,0,-2,1,-1,-2
1516691215046946,-7,-5,-6,-5,-2,-3,1,-1
1516691215046946,-3,-17,-17,-9,-6,-2,-1,-2
1516691215048981,3,18,8,-7,-1,-2,-1,-1
1516691215048981,-4,-6,-1,4,1,-2,-1,0
1516691215061569,4,1,0,1,-3,-1,-2,2
1516691215061569,-2,-8,-5,-2,-1,-2,-2,-2
1516691215068003,-1,4,0,0,-1,-1,0,-1
1516691215068003,-3,-4,-7,-8,-4,-4,-2,-2
1516691215084044,3,6,6,-2,2,-1,0,0
1516691215084044,0,-8,-4,2,0,-1,-1,1
1516691215098082,-3,12,4,-2,-2,-1,-2,-2
1516691215098082,-2,-16,-5,-1,-2,-2,-2,-4
1516691215107106,5,9,13,10,4,2,1,1
1516691215107106,-3,1,-8,-7,1,0,1,-1
1516691215108609,-1,-5,-9,-4,-4,-1,1,0
1516691215108609,-5,7,4,-10,-3,-1,-1,-2
1516691215121644,10,-7,-2,1,-1,-2,-1,1
1516691215121644,-5,-6,-12,-4,-4,-2,-4,-2
1516691215128254,0,9,18,9,0,2,1,1
1516691215128254,-3,3,1,1,-1,-1,-1,-1
1516691215143703,-4,13,5,-1,-1,-3,-2,-3
1516691215143703,3,-1,0,0,-3,-1,0,-1
1516691215150721,-1,2,-5,-2,-2,-3,-3,-1
1516691215150721,2,-9,-14,-5,-5,-1,-3,-2
1516691215167265,-4,-8,7,1,-2,-1,0,-2
1516691215167265,-1,-1,-12,-1,0,-1,-1,1
1516691215168769,-4,3,-2,-5,-1,1,-3,-2
1516691215168769,3,7,7,5,1,0,1,0
1516691215181302,0,-10,-13,-10,-8,-4,-3,-2
1516691215181302,-1,-2,-6,-1,0,-1,-1,-3
1516691215188322,-6,-2,2,0,-1,-1,-2,0
1516691215188322,2,-3,9,3,3,0,0,1
1516691215203888,-1,26,21,8,0,0,-3,-3
1516691215203888,-5,-26,-20,2,2,1,0,2
1516691215210919,5,18,22,4,-2,-4,-3,1
1516691215210919,1,-5,-15,-8,-3,-1,-1,-2
1516691215226928,-7,-16,-11,-4,-1,0,-2,-3
1516691215226928,-3,3,5,0,0,1,2,-3
1516691215228934,3,-4,-6,0,-2,-1,-2,0
1516691215228934,10,2,2,0,-2,-3,-2,1
1516691215241001,2,5,-6,-3,0,-2,-3,-1
1516691215241001,1,22,7,-4,-3,-3,0,-1
1516691215249483,1,1,-4,1,4,1,1,1
1516691215249483,-10,-4,1,0,-2,-1,-2,-1
1516691215264066,-6,-30,-20,-1,1,-1,-2,-4
1516691215264066,-4,10,2,-11,-6,-2,-4,-1
1516691215270541,3,-22,9,14,-1,2,3,2
1516691215270541,-5,-13,-15,-1,5,3,3,-1
1516691215287170,6,25,29,5,3,-1,-1,1
1516691215287170,1,1,-17,-7,-8,-5,-4,-2
1516691215288589,-7,-27,-10,-4,1,-1,0,-4
1516691215288589,3,41,17,4,-3,-1,0,-1
1516691215300713,0,-54,-17,-13,-11,-3,-4,-2
1516691215300713,3,6,36,18,16,3,4,0
1516691215309649,4,-6,-27,-9,-4,2,0,2
1516691215309649,-2,-5,-11,-4,0,0,-1,-2
1516691215324183,-8,-23,3,1,-3,-2,-4,-4
1516691215324183,3,7,-5,2,0,0,0,0
1516691215330784,1,8,4,-1,-1,-1,1,-1
1516691215330784,-5,6,2,-2,-4,-2,-2,3
1516691215347330,-2,-1,-11,1,2,2,1,-11
1516691215347330,4,-9,-7,-9,-7,-4,-6,-2
1516691215348776,-4,22,2,-4,-1,-1,0,-1
1516691215348776,-2,-21,-8,-4,1,0,2,1
1516691215360862,8,59,27,10,2,0,1,2
1516691215360862,-3,-9,9,2,-2,-1,-4,0
1516691215369804,-1,4,-27,-10,-3,-5,-3,-5
1516691215369804,-9,-21,-1,-2,-5,-1,-4,-6
1516691215383877,2,28,0,-2,-1,-1,4,5
1516691215383877,-1,0,5,-1,0,-2,-1,-3
1516691215390950,-4,-15,-1,-2,-3,0,-4,-1
1516691215390950,4,-10,-8,-4,1,-1,0,-2
1516691215407405,-2,-3,8,4,3,3,1,3
1516691215407405,-4,-8,-16,-8,-5,-1,1,-1
1516691215408407,-2,-12,12,5,8,-2,-1,-2
1516691215408407,-5,-20,-20,-4,-2,-1,-1,0
1516691215421497,-2,17,-16,-7,-3,-2,-4,0
1516691215421497,7,8,25,6,0,-1,-3,3
1516691215429964,-4,-18,-6,-3,-1,-2,-2,-1
1516691215429964,0,-7,12,6,-1,0,1,-1
1516691215444084,-3,-14,-13,-2,2,-1,1,-1
1516691215444084,-3,22,-1,1,-1,1,2,2
1516691215450603,-4,-26,-18,-2,1,0,1,1
1516691215450603,9,-22,-7,0,1,0,0,-2
1516691215467145,-3,-24,-4,-4,-9,-2,-4,-2
1516691215467145,-7,-14,-10,-1,0,1,-3,-3
1516691215468587,5,24,32,4,-3,-4,1,1
1516691215468587,-1,9,-24,-1,2,2,2,4
1516691215480683,-13,-65,-12,0,-1,-2,-2,0
1516691215480683,9,10,-1,-4,-2,-2,-3,-1
1516691215489625,-7,-28,-11,-6,-7,-1,0,-1
1516691215489625,-13,60,42,4,5,0,2,-5
1516691215504192,39,108,7,1,-6,-5,-6,1
1516691215504192,-8,-53,13,2,-3,-2,-3,-1
1516691215510762,4,-4,-22,-5,5,5,8,12
1516691215510762,-8,-49,-18,-4,-8,-5,-9,-9
1516691215526722,2,22,8,-2,3,3,2,-1
1516691215526722,-5,43,18,-1,-5,-9,-3,-5
1516691215533240,18,88,22,0,-4,-1,-7,-5
1516691215533240,0,-70,-18,-2,-2,-2,5,17
1516691215548862,-30,-31,2,-1,2,1,-16,-37
1516691215548862,19,28,-22,-5,1,2,22,28
1516691215549783,-22,-54,11,5,1,0,-10,-27
1516691215549783,32,113,20,-1,-5,-8,-6,-6
1516691215564823,17,-53,-14,0,6,7,9,11
1516691215564823,-27,-23,-44,-7,-8,-7,-17,-17
1516691215570931,10,12,26,-4,-11,-7,0,16
1516691215570931,-66,0,-9,-3,0,-2,-15,-13
1516691215585881,74,10,-4,-4,-1,-2,13,36
1516691215585881,-40,-24,-6,6,6,9,-11,-55
1516691215593399,22,48,-8,7,9,2,3,-6
1516691215593399,-38,-118,-38,0,-4,1,-4,-9
1516691215609024,-45,44,-19,-9,3,0,7,1
1516691215609024,15,-44,7,0,-4,-5,-1,31
1516691215609975,-11,34,-5,-2,0,-2,0,-7
1516691215609975,-23,-78,27,9,-1,-1,-6,-11
1516691215624481,8,52,0,6,3,-1,0,2
1516691215624481,-3,-15,-40,-5,7,9,8,3
1516691215631000,13,-17,8,-5,-6,-5,-7,-5
1516691215631000,2,108,34,16,4,-1,5,12
1516691215645538,14,56,35,1,-1,1,0,1
1516691215645538,-67,-90,-66,-17,-14,-13,-19,-28
1516691215653058,-42,-70,-16,-10,-6,-3,-4,3
1516691215653058,69,127,32,-3,-2,-2,11,1
1516691215670102,-24,-103,-27,-2,-2,0,-10,-15
1516691215670102,23,93,56,8,2,-1,7,13
1516691215671105,7,-36,-42,-3,-1,2,-3,2
1516691215671105,8,-23,-27,-13,-2,-2,-3,-4
1516691215684642,-46,24,71,-2,-20,-16,-16,-12
1516691215684642,36,-71,-39,-7,-1,0,7,11
1516691215690694,-37,16,26,8,4,2,0,-5
1516691215690694,-10,-54,-11,-1,3,3,4,-1
1516691215705742,24,18,-15,-2,-2,-2,5,10
1516691215705742,12,21,21,5,1,2,-6,12
1516691215713218,-3,12,-10,0,0,-2,3,-3
1516691215713218,29,8,18,1,-4,-6,-3,5
1516691215728842,-11,-12,6,-1,0,-2,-5,-12
1516691215728842,2,-41,6,0,2,1,3,1
1516691215729762,3,-18,12,1,-3,-3,2,5
1516691215729762,2,-20,-29,-7,-3,3,-2,-1
1516691215744802,5,-45,-15,-2,-4,-1,2,3
1516691215744802,10,-3,13,6,6,1,3,0
1516691215750901,12,31,-4,-1,-2,0,-6,-6
1516691215750901,17,5,17,-4,-4,-3,-3,3
1516691215765858,-42,-103,-25,-4,-5,-3,-5,-8
1516691215765858,8,64,9,-4,-2,3,4,0
1516691215773378,-2,-17,-24,-3,3,0,-3,-1
1516691215773378,-4,8,4,3,2,0,-1,3
1516691215788940,-7,-5,-11,-1,-4,-5,1,0
1516691215788940,6,1,-1,-1,-9,-4,-1,6
1516691215789946,-2,-14,10,7,11,0,-33,-31
1516691215789946,2,48,10,-8,-11,-3,23,19
1516691215804486,13,63,39,9,8,7,18,-11
1516691215804486,-4,-5,0,-6,-12,-8,-5,0
1516691215810508,8,32,23,7,4,2,5,10
1516691215810508,0,2,-3,2,1,0,-18,-8
1516691215825548,-6,-14,-15,-6,-1,-4,-6,0
1516691215825548,-4,9,7,4,1,2,5,-6
1516691215833066,1,-5,-11,-8,-5,-3,-1,3
1516691215833066,-4,-32,-13,-1,1,0,1,-1
1516691215849117,4,4,-3,0,-1,0,3,5
1516691215849117,-6,7,-3,-4,-1,-2,-28,-14
1516691215849595,1,-15,-8,-5,1,0,15,1
1516691215849595,8,7,2,3,5,3,22,29
1516691215864621,-8,7,-1,-5,-3,-3,-31,-13
1516691215864621,-3,14,2,2,0,6,49,0
1516691215870637,-12,-37,-21,18,4,-3,-17,-18
1516691215870637,9,54,7,-27,-6,2,2,-4
1516691215885675,8,8,70,71,24,11,0,10
1516691215885675,1,-11,-17,-10,-5,-10,-20,11
1516691215893197,2,4,3,-5,-7,-2,16,15
1516691215893197,-15,-32,-32,-11,-7,-5,-12,-17
1516691215908738,4,-7,-31,-11,-2,0,-2,7
1516691215908738,0,34,6,-18,0,2,-4,-9
1516691215909741,6,-13,28,34,9,6,18,16
1516691215909741,1,38,8,3,3,0,-17,-10
1516691215924781,-13,-88,-24,-15,-10,-4,1,-5
1516691215924781,0,22,5,5,0,0,5,-2
1516691215930795,-1,-2,-29,-27,-11,-6,-16,-8
1516691215930795,-6,-52,-12,3,0,0,5,0
1516691215945922,9,58,7,-6,-3,2,6,9
1516691215945922,-8,-15,-3,5,4,-4,-30,-27
1516691215953382,3,-5,3,-5,-1,-5,43,25
1516691215953382,-2,-12,3,8,1,3,-19,-7
1516691215976417,-4,4,-18,-15,-4,-2,-7,-30
1516691215976417,0,0,14,8,-3,-2,0,18
1516691215977421,6,21,6,-10,-12,-17,-17,-11
1516691215977421,-4,-6,-2,10,18,5,8,-1
1516691215984958,3,-2,-16,-13,-8,-4,3,19
1516691215984958,-3,10,9,8,3,1,-9,-28
1516691215990957,-2,-4,-5,-5,-7,-1,1,9
1516691215990957,-2,-7,3,-2,-6,-1,0,-3
1516691216005997,-3,-6,-6,-2,2,1,-13,-5
1516691216005997,0,-9,-4,3,6,-2,9,11
1516691216013527,1,13,10,-8,-7,-9,-17,0
1516691216013527,-3,-2,-2,-2,0,12,15,2
1516691216029132,3,20,0,2,4,-3,-4,15
1516691216029132,-5,-21,-2,0,-4,-3,17,-11
1516691216029559,1,10,-6,-4,-2,5,4,11
1516691216029559,-3,-7,-4,0,-3,-5,-13,-9
1516691216044600,-2,1,-3,-5,-2,-4,5,7
1516691216044600,3,-9,-2,-9,-22,-26,-24,4
1516691216050706,-3,5,7,10,27,33,-8,-15
1516691216050706,1,-2,6,10,14,9,53,16
1516691216065740,-2,-9,-16,-5,-4,-18,-27,-7
1516691216065740,5,8,8,-2,-3,52,31,11
1516691216073202,0,6,-3,-3,0,-12,-15,12
1516691216073202,3,-2,2,-1,-3,10,-2,8
1516691216088721,-3,-5,-1,-2,-1,0,-24,-35
1516691216088721,0,10,-1,-1,-2,-14,-18,3
1516691216089720,-5,-6,-3,-4,-6,-4,7,-3
1516691216089720,0,-5,-3,-2,-3,1,11,-4
1516691216104762,3,-1,-5,-1,-1,-1,4,-6
1516691216104762,-2,4,6,-2,1,-5,2,9
1516691216110812,-5,-4,-9,-4,-4,-4,-24,-24
1516691216110812,2,0,1,-1,1,-8,16,7
1516691216125818,-2,0,-1,-2,-5,0,22,6
1516691216125818,0,-6,-5,0,4,-8,-23,12
1516691216133335,-1,-2,3,0,-6,-5,0,-20
1516691216133335,5,7,1,3,11,22,33,41
1516691216148967,-1,0,-3,0,1,-1,28,1
1516691216148967,-5,-3,-6,-1,4,-6,-11,-25
1516691216149963,6,8,-2,-8,-33,-29,-60,10
1516691216149963,-5,-8,-3,4,28,10,-4,-21
1516691216171436,2,1,4,2,1,2,19,29
1516691216171436,-8,-2,-1,2,3,-21,-52,-40
1516691216172438,-6,-7,-5,-10,-9,19,71,-3
1516691216172438,-1,-2,-3,-6,-26,-25,-40,-1
1516691216185977,-3,-4,-11,-4,10,18,-10,-28
1516691216185977,0,4,5,4,-1,0,-14,-5
1516691216193007,1,-6,-4,-5,-9,-32,-30,12
1516691216193007,-8,3,3,-2,-12,-8,-33,-59
1516691216209073,6,-2,-3,10,24,28,83,57
1516691216209073,1,2,-5,-3,-11,-7,5,11
1516691216209537,0,-5,-3,2,14,20,2,-13
1516691216209537,-2,1,3,-3,-19,-29,-28,-10
1516691216224579,-2,0,7,-6,-12,-17,-41,-9
1516691216224579,2,0,6,1,13,24,64,35
1516691216230594,4,-5,-6,1,0,-8,27,25
1516691216230594,-6,11,3,-3,-11,-20,-73,-28
1516691216245635,-4,-9,-4,-6,-7,-5,-25,-7
1516691216245635,7,5,0,6,5,34,77,33
1516691216253190,4,-2,-1,-1,-16,-4,-33,-1
1516691216253190,-6,-7,-3,-9,0,3,36,1
1516691216268696,7,5,12,9,8,14,-11,28
1516691216268696,-15,-6,-1,4,4,13,-20,-78
1516691216269698,0,0,-2,-8,-24,-24,6,9
1516691216269698,2,-1,-3,6,32,38,19,-8
1516691216284738,-6,-8,-7,-9,-30,-31,-17,0
1516691216284738,-1,7,-4,-11,-22,-80,-75,-35
1516691216290754,-4,-1,7,5,26,68,90,46
1516691216290754,4,-3,-7,0,-4,8,42,36
1516691216305794,-2,-2,-4,1,-6,7,18,-50
1516691216305794,3,-1,-2,-4,-16,-3,-59,23
1516691216313312,-7,-1,2,6,21,-8,23,-68
1516691216313312,-5,-6,-9,-9,-33,-26,-64,0
1516691216330359,-9,-5,-8,-22,-23,15,42,95
1516691216330359,-6,3,5,10,-7,17,-8,-45
1516691216331400,2,4,-3,-4,-11,-25,-92,-34
1516691216331400,-10,-8,18,19,68,63,52,6
1516691216344898,7,8,-15,-10,-24,-31,-23,4
1516691216344898,-4,-2,-15,-13,-23,-39,11,52
1516691216350997,-13,-21,-15,-15,-2,1,11,-50
1516691216350997,14,18,19,26,-8,-10,-70,-27
1516691216365483,-24,-25,-32,-52,-78,-72,10,-6
1516691216365483,32,8,21,35,35,56,127,127
1516691216373489,-7,4,-7,7,-13,84,-128,-80
1516691216373489,-22,-6,-24,-21,7,-3,27,-62
1516691216390518,2,7,19,13,-5,5,-28,-28
1516691216390518,-10,-26,-25,-24,-38,-60,-76,-50
1516691216391019,-7,0,9,3,28,0,0,9
1516691216391019,17,7,6,7,-5,-21,-14,27
1516691216404566,-23,-2,5,5,22,-32,-116,-90
1516691216404566,-10,-14,-9,-3,35,52,58,-14
1516691216410609,-5,-20,-14,5,53,29,45,-6
1516691216410609,6,15,6,-14,-63,-68,-40,-4
1516691216425648,14,9,2,12,46,49,19,41
1516691216425648,11,12,7,10,25,95,-4,-59
1516691216433169,0,19,3,-16,-84,-67,-39,34
1516691216433169,4,-7,-16,-12,60,9,17,40
1516691216448173,-7,-18,2,26,76,58,36,7
1516691216448173,-8,-8,-5,-5,-17,-67,-38,-7
1516691216464753,18,7,9,2,-15,-8,23,69
1516691216464753,3,-4,-4,-4,-40,-5,25,46
1516691216466220,-3,12,-3,-19,-88,-113,-114,-62
1516691216466220,-11,3,-1,-6,42,46,33,-20
1516691216470731,16,9,19,32,56,39,67,70
1516691216470731,3,-7,-13,-20,-55,-58,-81,6
1516691216485850,0,-4,2,14,72,51,23,-5
1516691216485850,-1,6,2,-9,-37,-5,26,46
1516691216493417,-1,9,-2,-13,-48,-100,-45,-32
1516691216493417,-2,-3,4,5,-13,42,36,-8
1516691216508442,14,4,8,5,-15,3,-44,67
1516691216508442,6,-16,2,11,25,16,52,41
1516691216515960,-1,7,-8,1,9,21,-24,12
1516691216515960,-3,35,10,1,-10,-20,-19,-9
1516691216533008,-2,18,-3,-10,-23,-34,-92,-48
1516691216533008,-6,-11,6,-1,15,4,-4,15
1516691216533509,-16,-43,-15,-25,-58,-74,-55,-44
1516691216533509,7,-21,-7,7,40,60,37,46
1516691216545540,3,17,-1,-2,-3,6,-31,-35
1516691216545540,-1,14,4,9,36,-13,22,-25
1516691216553066,0,2,-1,4,11,64,55,-13
1516691216553066,-4,-9,-11,-15,-36,-31,-45,-5
1516691216568100,1,-21,2,12,41,4,31,38
1516691216568100,14,41,11,3,16,31,18,32
1516691216575649,-2,1,7,3,27,-13,5,36
1516691216575649,-2,-2,6,7,3,2,-7,-5
1516691216584644,-5,-10,2,7,6,36,75,-40
1516691216584644,0,-22,-9,-8,-41,-68,-117,-15
1516691216590661,1,14,1,1,25,30,96,-1
1516691216590661,-11,-11,-2,2,4,4,15,-36
1516691216605730,0,-2,-5,-5,-13,1,13,5
1516691216605730,-1,24,9,-6,-15,-8,-44,-1
1516691216613305,1,-12,-4,6,17,19,0,6
1516691216613305,1,-7,-3,-4,-9,-60,-24,10
1516691216628343,-7,-16,-8,-15,-21,-4,102,17
1516691216628343,-2,-3,-15,-1,10,2,45,-16
1516691216635795,5,-10,-6,3,6,31,-7,13
1516691216635795,-10,-17,-5,-1,-15,-15,-9,-27
1516691216651357,12,32,15,3,4,1,-3,22
1516691216651357,-1,5,1,-6,-24,-21,-45,-14
1516691216652325,-3,2,0,-10,-27,-46,0,19
1516691216652325,-17,-20,-6,6,48,54,-35,-65
1516691216665890,0,-10,-10,-3,-10,-7,-7,-17
1516691216665890,4,-3,-2,2,12,28,13,7
1516691216673419,-4,-1,-1,-1,-17,-41,-20,-12
1516691216673419,2,13,6,1,3,25,10,13
1516691216688421,2,-9,-4,0,12,16,11,20
1516691216688421,-6,-3,2,-3,-17,-18,-19,-24
1516691216696530,4,5,0,-4,-9,-17,-57,6
1516691216696530,6,6,-4,-5,-3,-8,49,42
1516691216711519,-10,-6,-5,3,10,15,-41,-41
1516691216711519,-8,-14,-6,-6,-3,2,-1,-18
1516691216711982,-2,-4,-7,-2,3,7,-13,-18
1516691216711982,-4,-11,-16,-8,-5,-5,8,-1
1516691216725520,7,18,16,1,-3,1,-7,8
1516691216725520,-2,8,16,4,-11,-8,-22,-3
1516691216733557,-2,9,9,21,33,7,-2,8
1516691216733557,0,-6,-2,-5,-2,-8,-1,0
1516691216748079,-5,-16,-17,-7,-2,5,19,4
1516691216748079,-4,-15,-21,-10,-4,-4,-15,-3
1516691216756684,-3,7,5,-7,-11,-6,9,-9
1516691216756684,3,6,14,8,-1,-3,1,14
1516691216771675,1,1,2,1,5,3,5,0
1516691216771675,-1,-8,-11,-6,-8,-4,0,1
1516691216772143,-3,-7,-11,-11,-1,3,-9,-9
1516691216772143,1,5,8,5,1,7,2,-4
1516691216785679,-2,-3,-30,-13,-8,1,2,0
1516691216785679,2,3,33,-24,-2,-4,-2,-1
1516691216793199,5,16,29,52,14,11,11,7
1516691216793199,-4,-2,-8,-3,-2,5,-4,-5
1516691216808240,-2,-11,-23,-4,-8,-12,5,1
1516691216808240,-3,-9,-30,-30,-6,-20,-4,5
1516691216816785,-2,1,9,-7,-1,8,2,-4
1516691216816785,-1,3,0,-3,-3,0,2,-5
1516691216831393,2,-8,-16,5,2,-3,-5,-1
1516691216831393,-3,-8,-33,-16,-10,-1,-9,-2
1516691216832307,2,12,50,16,-1,13,7,4
1516691216832307,3,8,15,17,13,6,7,5
1516691216845923,-1,-5,0,3,-3,-3,5,7
1516691216845923,-3,-14,-40,-1,-4,-4,-8,-5
1516691216853442,-10,-10,-37,-52,-19,-14,-9,-14
1516691216853442,6,15,47,27,4,10,8,10
1516691216869914,1,9,23,10,8,4,4,3
1516691216869914,-4,-2,7,27,6,3,0,0
1516691216876421,-3,-11,-34,-17,-8,-2,-5,-2
1516691216876421,-3,-9,-22,-18,-11,-7,-9,-9
1516691216891549,-2,7,18,-3,-1,6,4,0
1516691216891549,0,0,11,15,3,5,3,2
1516691216891962,0,-6,-7,-3,1,0,1,-1
1516691216891962,-2,-1,-6,-5,-2,-3,-3,-5
1516691216906030,-1,-6,7,6,3,-1,4,4
1516691216906030,-3,0,-14,-11,-12,-5,-6,-3
1516691216913101,6,10,21,8,4,9,4,5
1516691216913101,0,5,3,-7,3,-1,1,-2
1516691216928056,-4,-5,-10,-1,-4,-3,-2,-2
1516691216928056,-5,-8,12,13,3,0,0,-3
1516691216936580,-2,-17,-43,-17,-10,-7,-5,-3
1516691216936580,-1,4,9,-19,-3,-1,-1,-2
1516691216951620,1,5,26,14,4,1,4,1
1516691216951620,5,21,8,10,-2,-2,-2,2
1516691216952122,-2,-1,7,4,0,2,2,1
1516691216952122,-9,-44,-49,-17,-10,-6,-7,-6
1516691216965746,-15,-20,-13,-12,-2,0,-2,-7
1516691216965746,9,-6,26,9,6,4,7,5
1516691216973261,0,24,-26,-8,-6,-3,-5,-1
1516691216973261,10,36,18,8,-5,-5,-8,3
1516691216988218,-13,-52,-8,-2,1,-1,-1,-3
1516691216988218,4,41,-9,-8,-4,2,1,4
1516691216996277,-8,-43,8,6,1,0,0,-1
1516691216996277,-3,-37,-15,6,7,-1,-1,-4
1516691217019803,-3,-5,8,-6,-10,-5,-3,0
1516691217019803,-14,-48,-22,-10,-3,-2,-2,-4
1516691217020302,-5,-9,-4,7,6,4,3,-2
1516691217020302,12,70,59,13,6,2,7,5
1516691217025847,5,-20,-57,-12,-1,-2,-2,4
1516691217025847,1,10,29,17,-1,-3,-7,-4
1516691217033338,0,-5,6,-4,-2,-1,-1,0
1516691217033338,4,28,-3,0,1,-3,-2,-3
1516691217048379,0,-21,-8,-2,0,2,1,2
1516691217048379,-5,-14,9,-2,-2,0,-1,-1
1516691217056436,-3,-1,-5,-8,-19,-20,-4,-6
1516691217056436,-14,-40,-28,-12,2,12,2,-13
1516691217071476,-5,20,-14,0,5,3,0,5
1516691217071476,79,63,22,0,-13,-11,0,15
1516691217072465,-7,17,23,2,-2,1,-11,-12
1516691217072465,2,-29,-33,-27,-76,-85,-35,-6
1516691217087481,-99,-49,9,23,96,99,43,11
1516691217087481,49,-23,-19,9,-3,-2,12,-9
1516691217093508,25,97,29,-1,-16,-11,0,6
1516691217093508,-21,4,19,7,-3,-1,-7,-11
1516691217108077,16,48,8,-17,-31,-33,-22,-11
1516691217108077,-73,-22,-27,-1,13,5,-8,-11
1516691217116596,-38,-82,-24,2,8,8,7,-7
1516691217116596,23,80,-2,0,4,6,-5,-3
1516691217131598,80,43,44,1,-17,-14,-4,17
1516691217131598,-60,12,3,5,13,11,10,5
1516691217132100,-10,-69,-38,-6,-8,-12,-17,-19
1516691217132100,-6,-8,-23,-2,15,16,12,7
1516691217145635,-28,22,18,-9,-23,-22,-12,-18
1516691217145635,33,12,36,15,22,16,2,7
1516691217153157,5,12,-54,-11,11,10,14,16
1516691217153157,-24,-128,-13,-1,-1,7,-1,-6
1516691217168229,57,59,-16,-2,-13,-12,-1,3
1516691217168229,-24,-89,-49,-14,-12,-16,-11,-2
1516691217176218,3,54,32,12,17,12,0,-4
1516691217176218,20,-51,0,7,7,13,9,21
1516691217191257,-65,24,-24,-8,-10,-14,-3,-22
1516691217191257,-38,-11,13,-4,-6,-1,-10,-15
1516691217192261,-9,-69,-35,-4,-3,-7,2,10
1516691217192261,17,3,9,6,16,9,2,0
1516691217205797,11,-26,20,2,-5,-2,1,13
1516691217205797,6,120,31,3,-1,0,14,17
1516691217213315,56,-14,27,5,3,4,-9,3
1516691217213315,-65,-44,6,-2,-3,-5,-7,-14
1516691217228377,83,29,-16,11,4,2,4,6
1516691217228377,-50,-43,-17,-5,-4,1,-8,-11
1516691217236377,28,127,67,1,-6,-2,7,18
1516691217236377,-31,-10,5,5,3,1,-1,-5
1516691217251447,31,-56,-16,-3,2,4,3,0
1516691217251447,16,-45,-6,-7,-9,-9,-2,3
1516691217252421,13,85,41,2,-4,-5,-1,2
1516691217252421,33,-83,-65,-15,-11,-3,-11,-11
1516691217265986,-104,3,28,4,0,-5,-3,-16
1516691217265986,66,7,24,3,-3,-1,-4,0
1516691217273380,-13,-6,-18,-6,0,2,6,1
1516691217273380,4,127,79,15,9,3,8,2
1516691217296936,-6,36,14,-5,-13,-8,-11,6
1516691217296936,-25,-71,-20,-5,6,5,2,-4
1516691217297853,-19,-93,-36,2,2,-1,-4,-12
1516691217297853,9,61,14,-1,-1,2,5,9
1516691217320984,12,-36,21,3,-1,-4,-1,-6
1516691217320984,-22,74,-27,-1,0,1,5,10
1516691217321917,-18,-75,-14,-3,-7,-1,-9,-5
1516691217321917,9,27,-21,-3,3,3,3,1
1516691217326022,50,-11,-12,0,1,-1,-1,0
1516691217326022,2,9,-41,-7,-1,3,0,-4
1516691217333464,13,-20,-24,-5,0,0,1,3
1516691217333464,-10,82,57,11,1,-6,-1,-10
1516691217348531,48,25,37,1,-6,-4,-6,4
1516691217348531,-2,-23,-1,-7,-2,-3,-4,-5
1516691217364130,-5,5,-5,4,2,-1,0,-7
1516691217364130,11,-59,-48,-4,4,5,4,2
1516691217370564,-11,31,-7,-3,-1,-2,1,3
1516691217370564,20,-17,2,-5,-15,-8,-8,-2
1516691217379087,48,6,20,4,14,5,9,17
1516691217379087,-11,-37,-27,-4,-1,3,2,0
1516691217385688,-66,-60,-33,4,-2,0,-6,-15
1516691217385688,8,-15,-44,-15,-12,-7,-7,0
1516691217393153,9,84,-2,-4,0,1,0,-1
1516691217393153,16,50,-6,-5,-1,1,1,6
1516691217408163,-14,30,24,-6,-9,-9,-5,-1
1516691217408163,-32,-65,-15,-3,-3,-2,-1,-4
1516691217416186,-15,-12,21,-4,-8,-7,-7,-16
1516691217416186,40,48,-6,-7,0,-1,2,8
1516691217430807,-3,-40,9,3,-5,-1,-5,-6
1516691217430807,18,29,8,3,5,1,1,2
1516691217438745,-24,-23,21,2,-9,-6,-9,-9
1516691217438745,-4,-34,-34,-16,-4,-1,1,3
1516691217445764,30,-35,-32,-3,2,3,4,5
1516691217445764,40,-2,29,10,2,-1,3,7
1516691217453283,11,4,-6,-4,-4,-2,-2,2
1516691217453283,0,-32,-15,-4,-4,-1,-1,-5
1516691217468407,-23,-38,-26,-2,5,2,0,-3
1516691217468407,79,125,57,-2,-10,-12,-8,6
1516691217476345,-24,-29,-6,-6,-1,2,1,3
1516691217476345,-1,3,10,1,-7,-6,-14,-18
1516691217490885,28,21,-4,-5,1,2,3,8
1516691217490885,-51,-47,-1,3,3,1,3,-2
1516691217498995,-41,-4,-22,12,8,1,-4,-17
1516691217498995,21,1,8,-2,-3,0,3,9
1516691217505932,-13,33,-2,-4,-1,-3,2,-2
1516691217505932,-6,-14,-3,-4,-5,-3,-2,-8
1516691217513473,1,-6,2,2,3,6,-2,-1
1516691217513473,-20,13,8,3,7,3,0,-1
1516691217528020,1,0,-3,-1,-1,0,3,-1
1516691217528020,98,37,25,5,1,-1,1,15
1516691217536504,5,17,-13,-6,-8,-3,-2,-3
1516691217536504,-9,-9,-5,-3,-1,-3,-1,-3
1516691217550548,30,-13,-9,-2,-4,-1,0,11
1516691217550548,-43,-8,-15,-6,-4,-3,-6,-11
1516691217559113,7,-12,-5,-2,-5,-3,0,2
1516691217559113,-23,-21,4,5,5,-1,-2,0
1516691217574106,-27,1,-7,-2,-4,1,-1,-4
1516691217574106,-18,14,-6,5,7,3,-1,-8
1516691217574620,-11,-53,-43,-6,2,1,3,4
1516691217574620,-2,52,69,2,-6,-3,2,11
1516691217588184,14,0,-5,-3,-1,-3,-10,-5
1516691217588184,-26,-45,3,2,1,3,0,-7
1516691217596664,-2,21,3,-4,-5,-1,-2,2
1516691217596664,17,-1,-32,-4,1,0,-1,2
1516691217610701,-4,30,16,2,5,2,1,1
1516691217610701,-14,11,13,2,1,-2,-3,-8
1516691217618723,-8,-18,-1,-8,-15,-10,0,0
1516691217618723,-8,-22,-20,-4,2,0,-6,-8
1516691217633764,-17,29,29,15,10,6,1,-5
1516691217633764,-23,-7,-7,-3,-4,-2,-3,-3
1516691217641320,-8,20,15,1,-2,-3,-2,-8
1516691217641320,-11,-40,-12,-3,-6,-5,-1,-3
1516691217648340,-1,-7,-10,-4,-6,-5,-3,-2
1516691217648340,-11,-29,-5,0,5,5,1,-4
1516691217656324,25,14,5,0,0,-1,4,7
1516691217656324,-16,16,11,2,-3,1,1,-1
1516691217670861,-11,-27,-11,-2,0,-2,-2,-4
1516691217670861,1,7,-2,0,-1,0,-1,-1
1516691217678984,6,-6,4,3,1,1,-1,0
1516691217678984,-2,-14,-17,-6,-7,-1,1,0
1516691217694016,-3,-33,-8,13,21,14,3,-1
1516691217694016,-13,69,13,-8,-15,-10,-3,-4
1516691217694425,-6,-4,-6,-5,-25,-25,-7,-2
1516691217694425,4,-9,-1,4,27,28,3,3
1516691217708463,-9,-13,-10,-9,-21,-13,-4,-7
1516691217708463,3,-11,0,1,7,6,6,6
1516691217717529,-5,-10,-1,2,0,-1,-6,-10
1516691217717529,0,11,-3,-4,-17,-13,-3,-2
1516691217730521,5,17,9,-9,-10,-6,-2,-1
1516691217730521,-6,-16,-8,1,2,1,-1,0
1516691217739545,0,-2,-2,-2,-11,-11,-4,-2
1516691217739545,-5,-13,-8,-2,6,6,-2,-3
1516691217762105,2,8,1,-2,9,9,4,1
1516691217762105,-2,-18,-1,3,2,-3,-2,-2
1516691217763608,-7,-1,4,-1,-13,-16,-2,0
1516691217763608,5,-8,-5,-5,3,2,0,-1
1516691217768152,-1,4,-2,-10,-6,2,0,0
1516691217768152,-10,-34,-18,6,1,6,2,-1
1516691217777152,4,22,16,5,17,17,-1,-3
1516691217777152,-1,10,5,5,0,-3,-1,-1
1516691217790718,-3,-6,-10,-10,-25,-17,-8,-4
1516691217790718,-4,-4,-1,-6,-12,-24,-6,-3
1516691217799705,-3,-11,-5,3,20,26,5,1
1516691217799705,1,-2,-1,2,-2,-7,-1,0
1516691217813270,-3,-5,2,-2,4,3,-2,-4
1516691217813270,4,8,6,-2,1,6,4,2
1516691217822265,1,-5,-5,0,3,1,2,3
1516691217822265,0,-3,-3,-1,-4,-6,-2,2
1516691217828374,-1,1,2,3,0,-7,-1,0
1516691217828374,1,2,-3,-1,-7,-3,-3,-4
1516691217837323,-1,-4,-4,-9,-7,-4,-2,-1
1516691217837323,-1,-12,-2,7,12,11,3,-1
1516691217852375,2,7,2,-1,-3,0,-1,0
1516691217852375,0,5,0,-2,-4,-6,-4,-1
1516691217859865,-4,-10,-4,-4,6,5,3,0
1516691217859865,-2,-4,-1,-3,-17,-15,-2,-1
1516691217873438,1,-3,-2,1,4,0,-2,-2
1516691217873438,2,4,-2,-3,1,5,-2,-1
1516691217881924,-1,-10,-4,2,7,3,4,1
1516691217881924,2,13,2,-1,-10,-12,-6,-2
1516691217888444,0,-5,-5,-2,-4,-9,-2,-2
1516691217888444,-3,-2,1,-1,4,6,0,-1
1516691217897465,-2,-7,-5,-2,2,3,0,-1
1516691217897465,-2,-6,-7,-2,-5,-1,-1,-1
1516691217910500,0,4,3,-1,-3,-4,2,4
1516691217910500,-1,-10,-4,-6,-18,-14,-6,1
1516691217919524,2,13,8,7,29,30,3,-4
1516691217919524,-3,0,1,-2,-4,-11,-3,-5
1516691217933562,1,-3,-1,-1,3,5,6,3
1516691217933562,1,-3,-5,-1,-5,-5,-4,-1
1516691217942084,0,-1,-5,-4,-13,-6,1,8
1516691217942084,-3,-1,-1,0,4,2,-3,-3
1516691217948138,-1,-3,-5,-3,-19,-25,-7,-4
1516691217948138,-3,-3,5,7,36,37,14,-2
1516691217957124,4,12,6,2,-7,-13,-3,-1
1516691217957124,-1,2,-2,-4,-7,-3,-3,-3
1516691217970697,0,-2,-1,-1,5,10,5,7
1516691217970697,-1,-2,1,3,0,-5,-3,-5
1516691217979686,-1,-6,-2,-2,-1,2,0,-2
1516691217979686,-2,-4,-5,-4,-13,-14,-4,0
1516691217993259,-2,-2,-4,-4,-14,-6,-6,-3
1516691217993259,2,6,5,4,26,7,5,5
1516691218002280,-7,-3,-3,-1,-12,-14,-3,-10
1516691218002280,3,-2,0,6,37,53,8,0
1516691218008297,0,0,0,-4,-10,-8,-2,4
1516691218008297,-1,-3,-1,1,-6,-7,5,2
1516691218017283,3,-1,-1,-2,-11,-19,-1,13
1516691218017283,-8,-6,-7,-5,-5,-6,-3,-8
1516691218030821,0,3,0,2,11,12,-2,-9
1516691218030821,-1,0,-3,-7,-11,-5,-6,-5
1516691218039874,-4,-3,-2,-3,1,3,-3,-9
1516691218039874,4,-3,2,2,-2,-2,2,3
1516691218053380,-14,-2,-3,2,7,7,-1,-2
1516691218053380,-5,1,-4,-7,-18,-13,-9,-6
1516691218062404,10,2,-1,0,1,5,2,4
1516691218062404,0,-6,-2,-2,-4,-5,-2,6
1516691218068504,1,-1,2,-3,-2,-7,0,0
1516691218068504,-8,-2,0,-2,-6,-5,-5,-7
1516691218077444,-4,-1,-7,-5,2,5,-3,-2
1516691218077444,-5,-5,-1,3,-8,-5,3,6
1516691218091010,-1,1,1,1,2,-4,0,1
1516691218091010,4,2,0,3,2,0,0,9
1516691218099502,-6,-3,-5,-2,-8,-1,-7,-14
1516691218099502,6,1,-3,-3,0,-5,-5,0
1516691218113159,-7,-3,-3,-2,0,2,0,-4
1516691218113159,-3,-2,-2,-3,-10,-7,-1,-3
1516691218122100,-1,-2,4,3,3,-1,-2,0
1516691218122100,-5,2,4,-3,-2,-4,-1,-13
1516691218128198,3,0,-1,1,-1,-1,-2,3
1516691218128198,13,-1,-5,-3,2,11,6,21
1516691218137139,-2,-4,-4,-8,-3,-2,2,0
1516691218137139,-1,0,-1,10,5,5,-2,-5
1516691218150761,0,-1,-3,-1,-4,-4,-8,-6
1516691218150761,-4,0,0,-1,-4,-7,-5,-17
1516691218159699,4,-1,0,-2,1,10,0,11
1516691218159699,-7,-2,-8,-12,-31,-24,-14,-8
1516691218173327,7,-1,1,9,25,15,13,6
1516691218173327,-2,-1,0,-2,-4,4,4,3
1516691218182289,-2,1,0,4,2,-3,-8,-5
1516691218182289,5,1,1,1,3,-7,2,7
1516691218197298,-10,-3,2,1,-2,-1,-4,-6
1516691218197298,-1,-2,-3,-6,-6,-6,-4,-7
1516691218198802,-3,-3,-2,-2,-5,-3,-2,-6
1516691218198802,-4,2,2,-3,-7,-9,5,6
1516691218210927,4,-3,-4,0,13,21,6,15
1516691218210927,-12,-5,-12,-1,-4,-3,-8,-20
1516691218219859,2,2,4,2,-3,-6,0,3
1516691218219859,-6,-3,2,-8,-9,-22,-5,-6
1516691218233935,7,5,-1,8,7,16,6,2
1516691218233935,-3,-3,0,0,-2,-6,-15,-8
1516691218241002,-2,-4,-2,-6,-1,-4,0,7
1516691218241002,2,2,-5,-8,-15,-34,-1,-9
1516691218248464,-2,-4,5,10,22,38,16,13
1516691218248464,8,3,3,-2,0,4,-3,9
1516691218257459,-2,-3,-5,-1,0,1,0,-8
1516691218257459,4,-1,-5,1,-7,-16,-8,4
1516691218270586,-3,-1,-2,-7,-6,-3,-3,-8
1516691218270586,0,0,2,-4,3,7,8,5
1516691218279518,6,-3,-7,-4,-9,-18,-6,12
1516691218279518,-3,2,9,9,18,26,16,11
1516691218294650,3,1,4,3,6,11,-1,1
1516691218294650,5,-3,-5,-3,-12,-6,7,10
1516691218296061,-27,-3,0,0,-10,-21,-13,-32
1516691218296061,0,-4,-4,-6,-2,37,3,-1
1516691218308178,3,1,-1,0,-3,-12,-5,3
1516691218308178,8,4,-3,2,6,-1,2,13
1516691218317117,-10,-4,-5,-4,-7,-9,3,-2
1516691218317117,-2,-4,1,3,7,21,4,-3
1516691218330654,-2,-3,-9,-12,-20,-27,-17,-16
1516691218330654,5,2,4,3,-2,-4,1,12
1516691218339678,7,-1,3,3,8,4,5,11
1516691218339678,7,-1,-9,1,29,48,11,-13
1516691218354217,-15,-4,4,-3,2,-42,-20,-11
1516691218354217,-4,-1,3,2,10,13,7,-6
1516691218360816,-2,-1,-8,-6,-21,-7,-6,-4
1516691218360816,8,-2,-2,2,11,30,4,16
1516691218368278,5,0,-6,-8,-20,-19,1,0
1516691218368278,-11,-3,-10,-3,3,2,-3,-14
1516691218377278,-5,-2,1,1,2,-1,-6,-5
1516691218377278,0,0,0,-4,-14,-28,-11,-5
1516691218390897,-2,-3,2,-3,0,8,6,5
1516691218390897,-8,-1,6,-1,-8,-10,-9,-9
1516691218399837,4,-1,-3,-2,3,5,0,-1
1516691218399837,-4,0,5,1,-4,-19,-6,-4
1516691218413875,-3,-7,-18,-9,-19,-38,-16,-11
1516691218413875,0,-5,-11,3,8,13,7,9
1516691218420893,-11,3,16,1,-2,-5,-4,-12
1516691218420893,2,1,2,1,-3,-30,-12,-1
1516691218428415,1,3,1,6,17,36,10,2
1516691218428415,-2,-2,5,9,44,64,12,-2
1516691218437439,16,4,-4,-1,-1,0,8,15
1516691218437439,-7,-3,-2,-2,-9,-6,0,3
1516691218450975,-11,-1,0,-2,-20,-23,-12,-18
1516691218450975,-2,-3,-3,-6,-10,-23,-7,-6
1516691218460027,7,0,-1,3,18,38,14,10
1516691218460027,-3,-1,-5,-1,2,-5,-2,0
1516691218474539,-4,7,15,1,0,0,-6,-7
1516691218474539,1,1,1,-4,-2,0,-6,-7
1516691218480580,0,2,2,2,-5,-21,-3,2
1516691218480580,3,2,1,-3,-5,-3,1,15
1516691218497096,-3,-5,-8,-5,-6,8,1,-16
1516691218497096,-6,-2,3,-5,-24,-40,-10,-12
1516691218498601,0,-1,-3,0,15,20,1,2
1516691218498601,-1,0,6,10,8,5,-2,-1
1516691218510717,10,-3,-12,-8,0,1,3,10
1516691218510717,-5,6,11,10,10,-2,-6,-4
1516691218520158,0,-8,-9,-7,-5,2,9,8
1516691218520158,1,-3,-7,-9,-21,6,3,-10
1516691218534211,4,-2,1,2,8,12,5,6
1516691218534211,3,1,-3,-2,-8,-6,-2,3
1516691218540738,1,-2,-2,-3,8,7,0,-3
1516691218540738,-1,7,2,-8,-16,-23,-7,-6
1516691218557257,-15,2,6,3,-9,-9,-5,-8
1516691218557257,1,-5,-8,-3,0,3,1,8
1516691218558760,3,3,6,4,3,3,-1,-4
1516691218558760,-13,4,6,1,6,-7,-7,-15
1516691218570884,6,-3,-6,-1,0,4,3,8
1516691218570884,1,2,5,1,0,3,2,2
1516691218579817,-7,-5,-2,-4,-9,-10,-8,-6
1516691218579817,7,-1,-2,-1,-1,1,4,7
1516691218593855,4,-2,-5,-3,2,3,2,2
1516691218593855,-7,6,8,2,-8,-10,-9,-8
1516691218600873,3,-3,-4,-5,-5,-1,0,-5
1516691218600873,-4,-4,-2,-3,3,1,0,-1
1516691218616947,-4,1,7,3,-7,-4,-1,2
1516691218616947,7,1,-6,-3,-1,5,4,6
1516691218618921,-8,-1,4,4,7,-1,-5,-11
1516691218618921,2,-2,-8,-1,4,2,1,6
1516691218630951,7,0,-4,-4,-6,-5,1,10
1516691218630951,-1,-2,-5,-7,-6,-9,-1,-9
1516691218639476,2,0,0,2,-2,1,-1,9
1516691218639476,-2,-3,-4,-3,-8,-8,-6,-5
1516691218654104,-8,-4,-5,-3,0,4,0,-8
1516691218654104,6,0,-1,3,4,-1,-1,3
1516691218660620,-2,-1,-3,-10,-7,-5,-2,-4
1516691218660620,-3,-6,-8,-2,-3,3,0,-2
1516691218684679,11,2,-2,1,-1,1,2,6
1516691218684679,-1,2,4,-3,-7,-3,0,0
1516691218686098,-6,0,-2,-3,-1,1,1,-3
1516691218686098,-11,-11,-11,-5,2,0,-7,-9
1516691218690695,1,0,6,4,4,-3,-4,2
1516691218690695,-3,-7,-7,-2,-5,-5,0,0
1516691218699634,-4,0,-4,-1,-2,-4,-4,-2
1516691218699634,7,5,4,0,3,4,5,9
1516691218714206,5,-4,-8,-7,-1,4,1,-11
1516691218714206,8,-5,-8,-9,-9,-5,14,29
1516691218720782,-29,9,16,11,6,-7,-17,-30
1516691218720782,-26,-4,5,8,7,1,0,-1
1516691218737236,-32,-7,-9,-3,-5,1,-2,-1
1516691218737236,-26,-10,-10,-3,-3,0,4,5
1516691218738740,-19,-4,-7,-8,-6,-3,0,3
1516691218738740,-29,5,1,-4,0,0,3,3
1516691218751310,-18,-5,0,2,-1,4,3,2
1516691218751310,-19,11,4,-1,-4,-4,-12,-23
1516691218759797,3,-13,-9,1,3,1,1,10
1516691218759797,1,10,1,-5,-8,0,-4,-1
1516691218773915,-2,11,10,4,4,0,1,3
1516691218773915,-28,-17,-11,-7,-4,-4,-5,-7
1516691218780850,-36,1,2,6,3,8,1,2
1516691218780850,-47,-5,-9,-3,-1,2,1,-4
1516691218796934,7,0,2,1,1,12,1,7
1516691218796934,38,8,4,-2,-4,7,-6,-2
1516691218798936,41,-9,0,5,4,9,5,3
1516691218798936,93,3,3,-2,2,7,7,8
1516691218811012,42,-1,5,0,-1,-12,-9,-19
1516691218811012,44,-1,0,-2,3,-17,-7,-9
1516691218819954,45,4,-4,-5,-5,-16,5,9
1516691218819954,18,-6,9,7,4,-7,-2,-8
1516691218833991,28,-5,-6,-1,-4,-11,-2,4
1516691218833991,5,-7,-11,-5,-3,-3,4,7
1516691218841012,-11,12,6,1,1,2,1,-2
1516691218841012,-18,-8,-8,-2,1,4,2,8
1516691218857054,-65,12,6,-3,-1,2,2,0
1516691218857054,-51,-7,5,5,-1,4,-2,-8
1516691218858558,2,-2,-3,-4,-1,5,8,3
1516691218858558,-4,-16,-15,-2,-3,-2,-6,-12
1516691218870627,-1,-6,-4,0,-1,-1,6,11
1516691218870627,25,7,2,-3,-2,-5,-6,-7
1516691218879613,26,-4,-10,-4,-8,-8,-9,1
1516691218879613,-1,10,7,-1,-1,-4,-9,-4
1516691218894194,14,2,-4,-6,-3,-7,-7,-3
1516691218894194,6,-25,-14,-1,-3,-4,-9,-14
1516691218900769,44,6,-2,-3,-1,-1,-2,2
1516691218900769,10,4,3,-1,-3,-2,-1,2
1516691218917296,-22,-8,-8,-4,-1,-1,-1,-9
1516691218917296,-10,27,16,5,-4,0,4,5
1516691218918718,-29,-10,-1,7,0,2,0,1
1516691218918718,4,8,-1,-6,-4,0,0,-1
1516691218930835,-2,1,1,-2,-2,-4,-5,-8
1516691218930835,-11,-14,-10,-4,-1,1,-1,-7
1516691218939776,-6,-6,6,5,2,1,-2,-5
1516691218939776,-11,4,0,-3,-1,3,1,-1
1516691218962334,-2,-5,-1,1,-4,-2,-4,-1
1516691218962334,10,12,-10,-12,-6,-3,-1,5
1516691218963838,-13,-5,5,5,6,5,4,5
1516691218963838,-4,-2,6,11,4,3,0,-2
1516691218976904,-2,3,-8,-8,-7,-6,-7,-4
1516691218976904,7,-3,-1,1,-1,2,3,10
1516691218978878,-2,1,-1,-6,-6,-4,-1,-3
1516691218978878,16,28,5,3,2,2,4,7
1516691218991010,23,-7,19,6,2,4,9,13
1516691218991010,-10,-12,-4,-3,-1,-5,-26,-29
1516691218999935,-1,20,-3,-2,-1,-2,7,5
1516691218999935,-29,-59,-12,-5,-6,-5,-13,-10
1516691219014062,-1,45,-2,-2,0,0,7,5
1516691219014062,-5,17,6,-2,2,2,14,15
1516691219028548,-8,36,3,-1,-1,-3,-7,-8
1516691219028548,5,-1,0,-2,2,-1,3,-2
1516691219037033,15,-15,1,2,-3,-4,-7,0
1516691219037033,11,-42,-6,6,7,7,5,11
1516691219038537,-14,-2,-11,-10,-11,-7,-14,-20
1516691219038537,14,6,-6,-4,-2,0,4,7
1516691219050569,-4,-27,-56,-12,-7,-4,-3,-4
1516691219050569,-8,35,4,-30,1,-1,0,-6
1516691219059602,-13,-45,-19,31,0,-1,5,3
1516691219059602,4,-3,-52,-37,-7,-5,-3,-3
1516691219074131,-16,5,41,42,9,4,4,-3
1516691219074131,10,-12,-74,-16,-13,-5,1,8
1516691219080678,-20,-18,-12,-32,-6,-5,-10,-11
1516691219080678,4,18,60,51,10,4,1,-3
1516691219097278,20,14,-29,-27,-9,-3,0,10
1516691219097278,-6,9,31,14,4,1,2,2
1516691219098697,0,-28,-22,-6,-6,-3,-2,-2
1516691219098697,2,14,-2,-6,-1,-2,-1,-4
1516691219110820,-8,18,7,-8,1,0,-1,-3
1516691219110820,-11,-41,0,18,3,2,-5,-6
1516691219119759,21,20,10,-6,2,2,6,9
1516691219119759,-14,-9,-20,-16,-10,-8,-7,-6
1516691219133822,1,-22,66,25,12,4,-1,-1
1516691219133822,5,39,-30,1,-3,-3,0,-1
1516691219140838,-21,14,59,11,3,-2,-2,-6
1516691219140838,-8,-23,-45,-2,-5,-3,-1,-2
1516691219156882,-10,17,-9,-29,-9,-2,-7,-14
1516691219156882,12,53,116,112,45,24,24,22
1516691219158857,9,-2,-55,-15,-6,-1,3,5
1516691219158857,2,-3,-48,-17,-7,-4,-2,2
1516691219170919,-12,-49,-30,-15,-8,-6,-8,-9
1516691219170919,-6,-7,-7,-28,-9,-7,-2,-5
1516691219179913,-13,-25,5,-6,1,1,-4,-2
1516691219179913,12,17,53,26,6,2,5,9
1516691219193951,-7,-38,-34,-12,-3,-3,-3,-8
1516691219193951,-5,-12,2,-11,-4,-3,-2,-3
1516691219200969,11,31,-10,-4,-2,-4,-2,-2
1516691219200969,-21,-60,-55,-21,-15,-10,-10,-12
1516691219217095,3,13,76,30,24,14,13,11
1516691219217095,-7,-21,-39,-23,-11,-6,-5,-9
1516691219218516,-1,-42,-26,-8,-8,-6,-7,-5
1516691219218516,-12,-20,-12,6,2,2,-1,-4
1516691219230632,24,70,44,1,3,4,6,10
1516691219230632,-9,-19,23,12,2,2,0,-1
1516691219239572,11,27,9,6,5,3,3,6
1516691219239572,-7,-39,2,3,3,1,-2,-2
1516691219254182,-23,-13,-43,-8,-10,-9,-10,-14
1516691219254182,15,2,-31,-23,-5,-3,-1,6
1516691219260628,10,38,22,6,0,2,3,5
1516691219260628,-1,16,17,-3,-1,0,-1,-3
1516691219276173,-4,-21,-23,-5,-4,-1,-1,-2
1516691219276173,2,18,-1,-13,-7,-4,-3,-2
1516691219283191,-10,-5,4,10,2,2,-5,-4
1516691219283191,9,9,11,-2,3,0,-1,-4
1516691219290708,4,12,3,5,0,1,12,12
1516691219290708,-13,-26,-12,-4,-3,-3,-6,-4
1516691219307251,11,35,-13,-5,-3,0,0,-6
1516691219307251,-8,-25,7,-6,-6,-3,-6,-6
1516691219313769,17,22,33,3,7,4,4,7
1516691219313769,-8,-3,-38,-24,-13,-6,-4,-5
1516691219320886,-3,-9,-7,3,5,3,4,1
1516691219320886,4,-10,-33,-13,-7,-4,-1,1
1516691219336418,-2,14,51,27,5,-1,-3,-2
1516691219336418,3,-8,-17,-13,0,-3,-3,-3
1516691219343378,-14,-27,-24,-19,-4,-5,-4,-6
1516691219343378,10,37,42,16,6,6,6,6
1516691219350960,0,-23,-46,-10,-11,-5,-6,-3
1516691219350960,3,-3,-1,2,1,-1,-1,2
1516691219359891,0,-13,9,1,-5,-6,-2,-2
1516691219359891,-9,9,21,4,-1,1,-1,-2
1516691219373929,2,4,-44,-16,1,1,-3,-4
1516691219373929,-5,11,29,14,4,1,0,-5
1516691219380996,-2,-10,-13,-1,-4,-2,0,0
1516691219380996,2,11,19,2,-4,-3,-2,1
1516691219396572,-8,-6,-40,-39,-18,-5,-7,-6
1516691219396572,0,-7,-5,12,8,5,2,2
1516691219403536,12,2,24,3,13,6,7,11
1516691219403536,-12,36,4,29,13,3,0,-7
1516691219411038,-10,-41,-54,-21,-14,-7,-6,-6
1516691219411038,6,34,90,26,4,3,3,1
1516691219419549,-4,-2,-15,-10,-7,-5,-4,-4
1516691219419549,9,1,1,-9,-3,-2,1,4
1516691219434121,-4,-13,-11,1,-3,-4,-3,-2
1516691219434121,-6,-16,-32,-18,-10,-5,-5,-6
1516691219440620,1,-7,3,0,2,2,3,3
1516691219440620,2,10,-7,-7,-3,-1,-1,-1
1516691219456649,-3,-3,5,11,1,-3,-1,-3
1516691219456649,-1,6,-1,-4,-1,-2,-1,-2
1516691219463252,-2,-5,7,5,3,1,0,-1
1516691219463252,2,-1,-2,-7,-3,-2,-2,0
1516691219479710,1,8,22,11,4,2,0,0
1516691219479710,-4,-4,-12,-7,-7,-4,-4,-2
1516691219481243,-2,-1,1,0,-6,-1,-2,-1
1516691219481243,0,-8,-27,-15,-4,-1,0,1
1516691219493752,0,3,-3,3,0,-1,0,0
1516691219493752,-6,-10,-4,1,-3,-1,-4,-5
1516691219500850,-3,2,7,3,-2,-2,-1,-1
1516691219500850,3,0,5,-2,3,0,1,0
1516691219516307,-1,-7,-5,3,0,-2,-1,-2
1516691219516307,-2,-3,-6,-8,-5,-2,-3,-1
1516691219523325,-1,1,14,4,3,1,0,-1
1516691219523325,2,6,5,2,-1,1,3,-1
1516691219539369,-1,-3,-1,-2,-2,-1,2,1
1516691219539369,2,-7,-12,-3,-4,-2,-1,0
1516691219541374,-2,2,7,2,-4,-1,-2,-3
1516691219541374,0,-1,-8,-5,-2,0,-2,-1
1516691219553907,0,-1,-1,8,1,1,0,-1
1516691219553907,1,-3,-8,-6,0,-3,0,-1
1516691219560927,-2,-5,-2,3,-2,-4,-2,-1
1516691219560927,3,-1,-16,-15,-2,-3,-2,-1
1516691219576467,-1,5,19,5,3,2,-1,-1
1516691219576467,2,10,2,5,4,3,3,2
1516691219583526,-2,-8,-15,-6,-4,-1,-4,-3
1516691219583526,-3,-5,4,4,-1,0,-4,-2
1516691219599530,0,2,-1,0,0,-3,-3,-2
1516691219599530,-3,-3,-2,-5,-3,-4,-3,-1
1516691219601032,-1,-3,-3,-3,-1,0,-2,-3
1516691219601032,1,2,4,1,2,1,0,1
1516691219613097,-3,-1,-6,-3,-2,0,-3,0
1516691219613097,-3,-5,-7,-6,-4,-1,-2,-4
1516691219622089,0,-3,-7,-3,3,0,0,-1
1516691219622089,1,6,11,2,0,0,0,-2
1516691219636677,1,-2,-5,-4,0,0,-1,-2
1516691219636677,-2,-1,0,8,2,2,0,0
1516691219643178,-1,-2,-3,-3,-2,-3,-6,-3
1516691219643178,-3,-2,-1,1,-2,-3,-2,-1
1516691219659701,-2,0,-3,-5,-2,-2,-3,-2
1516691219659701,-2,-2,3,-4,-3,-1,2,-1
1516691219661193,-2,-2,-11,-2,-3,-2,0,0
1516691219661193,-1,-4,-3,0,-3,-1,-2,0
1516691219673225,-1,0,3,-1,1,-1,2,-1
1516691219673225,-1,-2,-1,1,0,-1,-3,-1
1516691219682249,0,-1,1,-1,-1,0,-1,-2
1516691219682249,-1,-2,0,-1,0,-2,0,1
1516691219696286,-1,0,-3,-2,-5,-3,-2,0
1516691219696286,-1,-1,-6,-5,-3,-3,0,-1
1516691219703306,0,-1,2,-6,-3,0,1,0
1516691219703306,-1,0,3,10,3,2,-1,0
1516691219719886,-1,0,-1,2,0,-1,-1,1
1516691219719886,-2,-2,-2,-3,-3,-1,-4,-3
1516691219721353,-2,-1,0,2,1,0,1,0
1516691219721353,-1,-2,-4,-5,-5,-3,-4,-1
1516691219733458,3,1,0,0,-3,-1,-1,-1
1516691219733458,0,0,1,-2,1,-1,-1,-3
1516691219742441,0,1,0,-1,-3,0,-2,-1
1516691219742441,-3,-2,-4,-8,-3,-2,-3,-6
1516691219756446,-3,-2,1,8,0,-3,0,-6
1516691219756446,3,-2,1,-5,3,1,3,-3
1516691219763497,-5,0,-5,8,1,0,3,11
1516691219763497,0,-1,1,0,-1,1,5,-1
1516691219779548,1,0,-2,-9,-3,-1,-2,-1
1516691219779548,-4,-3,-1,-3,-4,-4,-4,-7
1516691219781027,1,1,-1,-1,-3,-3,-5,-5
1516691219781027,-1,-2,0,-1,0,-2,-1,2
1516691219793080,-4,-1,-1,-3,-5,-4,-1,-1
1516691219793080,-2,-1,-1,4,0,3,-7,-7
1516691219802069,3,-2,-1,-3,2,1,10,8
1516691219802069,0,-3,-3,-1,-4,0,2,2
1516691219816607,-2,-1,-4,-3,-3,-1,-3,-3
1516691219816607,-3,0,-1,-1,-2,-3,-2,1
1516691219823124,0,-1,0,4,6,4,-1,-4
1516691219823124,-1,-2,-2,-3,-3,-1,0,-4
1516691219839667,1,-1,-1,-1,3,-1,5,7
1516691219839667,-4,-1,1,4,0,-1,-12,-4
1516691219841173,-1,-1,-3,-6,-4,-1,-5,-7
1516691219841173,-4,-3,-1,0,-3,-3,-11,-6
1516691219853242,-1,-1,-2,0,0,-2,10,10
1516691219853242,9,3,-3,-2,-2,2,11,22
1516691219862242,3,-2,-1,0,-5,-4,-19,-14
1516691219862242,6,0,0,-3,-3,-1,6,-1
1516691219876265,-14,-2,2,-3,0,0,-5,-8
1516691219876265,-2,2,-2,1,3,-1,9,11
1516691219883376,-1,0,1,2,1,-4,-4,-3
1516691219883376,-4,-1,0,0,3,4,-1,-14
1516691219898825,5,-2,-3,-6,-7,-9,-8,4
1516691219898825,-1,1,1,2,2,5,4,-1
1516691219899827,-3,-1,-2,-4,-2,-1,3,4
1516691219899827,-8,0,1,2,0,-4,-2,-4
1516691219921468,2,-1,-1,0,0,-3,-6,-8
1516691219921468,-2,-3,-3,-7,0,-4,-16,1
1516691219922437,4,2,7,11,7,3,24,0
1516691219922437,-11,-5,-5,-2,2,4,1,-2
1516691219937427,13,5,-1,-3,-5,-3,-2,1
1516691219937427,4,-4,-3,-7,-9,-6,34,32
1516691219943443,-9,1,2,-1,2,-2,-45,-31
1516691219943443,8,-2,-5,0,-3,-4,17,-3
1516691219958985,3,-1,-1,-4,1,18,10,12
1516691219958985,-6,-3,0,6,0,-10,-11,-12
1516691219959510,0,0,-1,-6,-2,-4,15,16
1516691219959510,-1,0,3,0,-2,1,-18,-10
1516691219981545,-3,-3,-4,-1,1,-10,-26,-8
1516691219981545,3,1,2,-3,-4,6,20,-1
1516691219982062,-7,-6,-7,-6,-5,-2,-15,-22
1516691219982062,-3,1,-2,3,0,0,1,11
1516691219997086,2,0,3,-2,0,-3,10,9
1516691219997086,0,-1,0,2,-2,-8,-6,6
1516691220003102,1,-5,-2,-3,-3,-2,-6,-7
1516691220003102,1,2,1,-3,-2,-12,1,4
1516691220018644,3,-2,1,3,0,4,-3,-3
1516691220018644,-15,-2,0,1,0,2,-28,-32
1516691220019646,9,0,1,-4,-3,-2,36,27
1516691220019646,-4,-3,-5,-5,-4,-2,1,11
1516691220041202,-9,-1,-4,3,-2,-2,0,-17
1516691220041202,2,-1,0,-1,-2,-10,-20,-7
1516691220042207,-3,-1,-1,-6,1,-2,-4,2
1516691220042207,2,-2,-3,3,5,5,7,2
1516691220057245,-14,-3,-3,-1,-4,-4,-5,-9
1516691220057245,-2,-1,1,3,5,7,-3,-15
1516691220063346,3,1,-4,-5,-10,-10,1,0
1516691220063346,-1,-5,-2,-9,-3,-18,-51,0
1516691220078920,6,4,6,6,9,28,40,-23
1516691220078920,-2,-2,-4,-5,-8,-7,-7,7
1516691220079922,-2,0,-1,2,1,8,2,8
1516691220079922,2,-1,4,-5,-3,0,7,1
1516691220101480,-4,-4,-4,-2,-6,-8,-12,4
1516691220101480,-2,-3,-3,0,-1,1,-8,-12
1516691220102459,3,2,0,-1,1,-2,3,13
1516691220102459,3,1,2,1,-2,-1,11,1
1516691220117438,0,-3,-1,2,1,0,-2,13
1516691220117438,5,1,-2,-3,-3,2,12,8
1516691220123454,-1,-4,-2,0,-4,0,-19,-12
1516691220123454,0,3,2,3,1,-2,10,6
1516691220140500,5,0,-3,-2,1,-3,0,2
1516691220140500,-3,-3,-1,-4,-4,-10,-2,-12
1516691220141524,3,0,0,-1,3,10,9,14
1516691220141524,-1,0,-2,3,2,0,3,-3
1516691220161642,-4,-2,-3,0,-5,-5,7,4
1516691220161642,2,1,-2,-2,3,3,-10,-5
1516691220162057,-6,0,0,0,-2,-1,-11,-7
1516691220162057,-7,0,-1,0,-2,4,5,-10
1516691220177096,-9,-6,-1,-4,0,-5,-12,0
1516691220177096,3,-1,0,-2,-3,2,12,-3
1516691220183113,-4,-3,-5,-1,-3,-2,-1,-2
1516691220183113,-2,0,-1,0,3,-1,-5,-2
1516691220198654,1,-2,1,-1,-5,-3,-10,-6
1516691220198654,-3,-2,-2,0,-3,2,1,1
1516691220199657,-3,-4,-4,0,5,1,0,-6
1516691220199657,-2,-3,-3,-5,-8,-3,-6,0
1516691220221214,-1,2,2,0,6,0,-2,2
1516691220221214,-4,-3,-2,-2,-2,0,2,3
1516691220222217,-1,-2,0,-5,-5,-4,1,-3
1516691220222217,-2,-2,2,0,-2,1,-2,-3
1516691220237276,2,-3,-7,-3,-1,-2,-2,2
1516691220237276,-4,-9,-22,-13,-6,-3,-1,-4
1516691220243294,-3,-3,-24,-17,-4,-4,-3,-5
1516691220243294,5,22,88,44,19,13,7,5
1516691220258312,-2,-1,-14,3,-4,1,-4,-4
1516691220258312,-4,-6,-10,-8,-1,-3,-2,-1
1516691220265832,-2,-6,-12,0,-4,-6,-1,2
1516691220265832,-2,-15,-43,-26,-9,-4,-4,-2
1516691220281457,-2,-4,0,-5,-1,-1,-2,-3
1516691220281457,-1,-1,-1,-5,-5,0,-3,-5
1516691220282417,-2,-6,-12,3,5,-1,0,-1
1516691220282417,-2,3,-18,-32,-8,-4,-3,-2
1516691220297417,7,39,105,83,23,9,8,5
1516691220297417,-4,-12,-31,-2,-2,0,-1,1
1516691220303433,-8,-17,-24,-15,-9,-7,-4,-9
1516691220303433,-3,-21,-75,-54,-16,-10,-8,-6
1516691220318505,3,10,13,-7,0,1,-2,1
1516691220318505,0,5,29,10,4,2,1,0
1516691220326003,4,5,9,26,2,3,2,3
1516691220326003,-5,-9,-18,-9,-5,-2,-2,-4
1516691220341533,-3,-10,-23,-31,-9,-3,-5,-4
1516691220341533,2,11,19,-3,-1,2,4,4
1516691220342035,-1,-5,1,0,2,-2,-1,-3
1516691220342035,-7,-13,9,12,3,3,-1,-5
1516691220357077,1,-5,-18,-12,-6,-2,3,1
1516691220357077,7,40,12,2,3,-5,-5,0
1516691220363177,-10,-43,-20,-2,-5,0,-3,-5
1516691220363177,-2,0,16,-3,-10,-7,-4,-2
1516691220378133,-11,-49,-26,2,6,3,-4,-6
1516691220378133,5,36,0,13,6,2,7,7
1516691220385733,3,-42,0,-11,-9,-7,-2,0
1516691220385733,3,29,17,16,12,14,7,6
1516691220401695,11,24,-23,-6,-10,-7,-3,6
1516691220401695,-25,-104,-47,-27,-13,-7,-8,-13
1516691220402196,1,52,25,-6,5,2,3,-1
1516691220402196,9,12,55,62,13,5,4,5
1516691220417737,-6,6,-61,-39,-14,-9,-6,-4
1516691220417737,-7,-23,5,-1,5,4,-1,-6
1516691220423251,-1,-8,4,-18,-5,0,2,5
1516691220423251,8,20,5,17,2,-2,-1,-1
1516691220438383,-6,0,13,-6,-5,-4,-3,-4
1516691220438383,1,-2,-39,-11,-4,-7,-1,-1
1516691220445815,-2,10,8,-4,6,11,2,-3
1516691220445815,3,-5,-6,-11,-7,-3,-3,0
1516691220461354,-4,-30,8,8,1,-2,3,3
1516691220461354,17,1,17,6,1,5,4,9
1516691220462357,-29,12,13,11,-3,-3,-4,-5
1516691220462357,4,-37,-40,-10,2,1,3,-1
1516691220475981,11,51,15,2,0,0,-2,-5
1516691220475981,-5,1,15,-1,-1,-3,-3,-3
1516691220483476,25,81,28,13,5,4,5,8
1516691220483476,-20,-64,-23,-12,-7,-7,-4,-3
1516691220498545,-6,-32,-21,-13,-4,-1,0,-1
1516691220498545,-5,30,20,9,4,1,-1,0
1516691220505978,3,-23,-7,-8,-8,-7,-5,-1
1516691220505978,-2,24,4,4,1,-2,-1,0
1516691220521606,2,-7,-13,-5,-4,-5,-5,-2
1516691220521606,-1,-13,19,2,0,4,0,-2
1516691220522550,-2,-2,-23,5,1,-1,4,3
1516691220522550,-1,6,7,-9,-5,-4,-7,-7
1516691220537054,0,-32,-15,-10,2,-1,-4,-1
1516691220537054,-2,48,46,27,4,1,4,4
1516691220543572,3,-8,2,0,-3,1,-3,-5
1516691220543572,-2,-6,-28,-3,-1,-6,-1,0
1516691220558200,2,9,11,4,2,12,3,-2
1516691220558200,-2,-18,-19,-5,8,0,2,0
1516691220565690,1,17,13,7,2,-1,0,2
1516691220565690,3,-4,3,3,1,-2,-3,0
1516691220581315,-7,-5,4,2,-5,-6,-3,-2
1516691220581315,1,-25,-17,-6,-6,-4,-2,-2
1516691220582241,-1,30,23,2,-3,-3,-3,-2
1516691220582241,-7,-35,-36,7,8,4,3,2
1516691220595854,6,25,27,-15,-6,-9,-8,-2
1516691220595854,6,31,14,18,7,4,2,0
1516691220603372,-2,-22,-14,-3,-2,-4,-1,-1
1516691220603372,-2,1,0,-8,-4,2,2,-1
1516691220618330,-2,-11,-12,6,3,4,1,-2
1516691220618330,6,25,2,-7,-5,-11,-7,0
1516691220625934,1,-21,-19,-7,-7,-2,-1,-3
1516691220625934,-5,8,26,1,-5,-2,-2,-3
1516691220641421,4,15,2,2,4,7,3,1
1516691220641421,-13,-14,-3,-8,-4,-10,-4,-1
1516691220642394,-3,-14,-15,0,2,-1,0,0
1516691220642394,11,33,19,-1,3,4,2,1
1516691220655931,-5,-26,-14,-1,1,-6,-2,-3
1516691220655931,-4,-5,-15,-4,-5,-1,-4,-6
1516691220663462,8,11,22,4,-1,-1,-3,-2
1516691220663462,-1,2,-2,-7,-4,1,0,-1
1516691220678552,-6,10,7,3,-4,-1,1,-1
1516691220678552,2,-15,-28,-3,-4,-2,-3,-1
1516691220685605,-10,-6,-7,2,4,2,0,-6
1516691220685605,6,18,15,-1,-1,-4,-2,0
1516691220701613,-8,-8,-9,-5,-4,-1,1,-1
1516691220701613,3,17,11,-5,-4,5,1,0
1516691220702112,-7,-11,-5,4,5,-5,-1,-1
1516691220702112,-1,1,-1,-2,0,0,-1,0
1516691220715649,-6,-16,-3,2,-3,-8,-5,-2
1516691220715649,0,8,0,-3,-1,4,0,0
1516691220723252,1,-4,1,4,-2,-3,-1,0
1516691220723252,0,0,3,1,0,12,4,4
1516691220738293,0,3,-1,2,3,-3,0,1
1516691220738293,-4,-15,-7,-3,-2,-1,0,-2
1516691220745729,3,-9,-2,-3,-4,-2,-5,-1
1516691220745729,-6,-1,-5,-3,-2,-8,-6,-4
1516691220761297,-2,7,4,-1,-1,-5,-7,-9
1516691220761297,6,12,4,6,4,15,23,9
1516691220762273,-1,-27,-5,-1,-1,-2,-6,8
1516691220762273,-14,-18,-6,-7,-4,-3,-5,-14
1516691220775809,8,-8,-10,-3,-7,-2,-5,4
1516691220775809,-9,-3,-5,-3,-2,-4,-10,-7
1516691220783329,5,20,8,0,1,3,7,2
1516691220783329,0,-4,-10,2,0,-1,1,-2
1516691220798368,-5,10,12,3,0,-3,-6,3
1516691220798368,1,-13,-5,-1,-1,0,6,-11
1516691220805888,-3,-2,-2,-4,-1,3,1,3
1516691220805888,-7,3,-2,0,-2,-2,-4,-3
1516691220821430,5,30,14,2,-1,1,6,5
1516691220821430,1,-51,-22,-6,-7,-6,-8,0
1516691220822451,4,70,22,-2,-3,-4,-2,-6
1516691220822451,-26,-69,-24,-1,-2,-4,-4,-5
1516691220835970,27,22,4,1,0,1,2,5
1516691220835970,-8,9,14,1,-1,-2,-5,-3
1516691220843495,-6,-30,-11,0,1,1,-2,-1
1516691220843495,20,29,6,-4,-2,-2,0,2
1516691220858028,-16,-22,-12,-5,1,2,8,-1
1516691220858028,1,35,1,5,1,-3,-6,-2
1516691220865563,2,-16,-6,-10,-2,-2,1,-1
1516691220865563,2,26,14,12,-1,0,-1,0
1516691220881590,-7,-8,-2,-2,-4,-3,-3,-2
1516691220881590,7,12,3,-4,3,4,1,-1
1516691220882092,-6,-6,-1,4,-2,-5,0,-3
1516691220882092,7,0,-8,-4,4,11,3,6
1516691220895627,-6,-2,-2,-7,-3,-1,0,-7
1516691220895627,-3,-10,4,4,1,0,1,6
1516691220903148,3,1,-4,4,-2,0,-2,-3
1516691220903148,0,1,7,1,-3,-5,-2,-3
1516691220918270,-4,-3,0,6,3,2,2,2
1516691220918270,1,15,7,-1,-1,-3,-3,-4
1516691220925707,-2,4,-8,-9,-6,-2,-7,-4
1516691220925707,8,13,8,-2,-3,-3,3,0
1516691220941249,-10,-30,-14,2,0,1,-8,-7
1516691220941249,8,-10,-2,-2,-5,-1,4,-1
1516691220942252,4,17,-6,-9,-4,-2,2,5
1516691220942252,-4,-26,-5,-2,3,2,1,3
1516691220955787,-2,16,-8,-1,-3,-1,-2,-4
1516691220955787,-8,-35,-2,-7,-4,-5,-6,-6
1516691220963307,0,-3,-3,3,-2,-1,-1,1
1516691220963307,3,16,6,-2,-4,-1,-1,0
1516691220978351,-2,-4,-11,-9,-4,-2,-1,-2
1516691220978351,0,0,3,7,2,1,-1,3
1516691220985916,3,9,16,5,0,-2,1,0
1516691220985916,-2,12,-13,-8,-3,-5,-5,-3
1516691221001448,-1,-24,15,3,4,1,1,-2
1516691221001448,-1,12,-17,-10,-8,-3,-3,0
1516691221002451,-6,-22,-8,-4,-1,-3,-1,-4
1516691221002451,4,4,9,0,-1,0,0,1
1516691221016001,0,15,-4,-4,-3,0,0,3
1516691221016001,-4,-14,-7,-2,-2,-3,-3,-2
1516691221023504,0,25,12,2,1,0,0,-2
1516691221023504,-7,-47,-25,-9,-7,-6,-5,-4
1516691221038542,0,3,5,1,0,-1,0,1
1516691221038542,-4,0,2,3,0,0,-1,-1
1516691221045644,1,-11,-13,-4,-3,-2,-3,-1
1516691221045644,2,26,2,-2,-1,-2,1,1
1516691221061605,0,1,17,3,0,1,1,1
1516691221061605,-3,-13,-9,-3,-4,-3,-1,-1
1516691221062106,-1,1,-7,-4,0,3,0,0
1516691221062106,-4,-10,11,4,2,-2,0,1
1516691221075643,-1,-9,-29,-3,5,7,2,0
1516691221075643,2,26,10,-3,-2,-1,-3,0
1516691221083247,-5,10,3,-1,-1,1,-1,-2
1516691221083247,-2,-10,-2,-5,-4,-5,-1,-1
1516691221098202,0,2,5,2,-2,-3,-2,0
1516691221098202,-1,3,2,-1,2,0,1,2
1516691221105804,-3,-22,-13,-3,-3,0,-1,-3
1516691221105804,1,24,-1,-2,-1,-1,0,-2
1516691221121295,-1,5,-4,-3,-6,-5,-1,-4
1516691221121295,-1,-11,-3,-2,0,1,-2,-1
1516691221122266,-3,-14,2,1,-4,-3,-1,-1
1516691221122266,-1,-7,-11,-4,-1,1,1,0
1516691221135884,1,30,10,3,0,-2,-3,-2
1516691221135884,-3,-11,-1,-2,0,-1,-2,0
1516691221143405,-1,7,2,1,3,-1,-1,-1
1516691221143405,-5,-29,0,1,-3,0,-2,-2
1516691221158361,3,3,-1,-3,-2,-4,-1,-1
1516691221158361,-5,-6,-1,-1,-1,-2,-1,-2
1516691221165903,3,7,6,1,2,3,2,3
1516691221165903,5,25,-1,-3,-3,-2,-3,-2
1516691221180922,-5,-14,-12,-2,-1,-2,-1,-3
1516691221180922,-1,-10,6,4,-1,-1,1,0
1516691221188943,-2,-9,-10,-2,-3,-1,-2,0
1516691221188943,-3,3,7,4,0,-1,0,-2
1516691221195962,0,-5,-2,0,0,0,-2,1
1516691221195962,-2,1,-9,-3,-2,1,-1,-2
1516691221202980,-1,-2,-3,-4,0,-2,1,-1
1516691221202980,-3,0,6,1,0,-3,-2,2
1516691221218057,-3,-7,1,0,1,0,-2,-3
1516691221218057,6,21,-4,-2,0,-1,1,1
1516691221226080,-6,-17,5,0,-3,-2,-1,-3
1516691221226080,0,16,-8,-4,-6,-7,-6,-2
1516691221249608,-6,-22,-3,1,0,-1,-1,-1
1516691221249608,0,6,3,1,3,1,3,1
1516691221250611,1,7,0,3,-2,-4,-4,-4
1516691221250611,4,18,1,-4,-1,3,1,2
1516691221255620,-2,8,10,-2,0,-3,0,-2
1516691221255620,-4,-18,-9,-3,-2,-3,-4,-5
1516691221263140,-1,1,0,-1,-1,-1,-1,-1
1516691221263140,-3,-8,-1,1,0,1,0,-2
1516691221278181,-2,-12,-5,-2,-2,-2,-7,-4
1516691221278181,1,9,6,1,-1,2,7,2
1516691221286284,-1,-2,-7,-3,-3,-1,-3,0
1516691221286284,-2,6,-2,2,1,1,1,-3
1516691221300825,4,-17,-1,-2,-2,0,-2,0
1516691221300825,-1,-10,-5,-1,-2,-4,-4,2
1516691221308792,0,0,-2,0,3,3,3,0
1516691221308792,0,20,3,-2,-3,0,-1,-2
1516691221315781,-1,14,6,3,1,4,1,-2
1516691221315781,0,-7,-4,-2,-4,-4,-4,1
1516691221323301,-1,-5,4,-3,-4,-2,-4,-10
1516691221323301,-5,-11,-8,-2,-2,-2,-3,-2
1516691221347387,1,11,-4,-2,-1,5,4,2
1516691221347387,-3,-11,-8,-2,-3,1,-4,-2
1516691221347866,2,8,8,2,0,-4,-1,3
1516691221347866,-3,-18,-3,-2,-1,2,-1,-1
1516691221360983,-3,10,-2,-3,-4,-6,-3,-5
1516691221360983,4,7,3,3,2,2,3,5
1516691221368922,-3,-2,0,-1,0,1,-2,-2
1516691221368922,-4,-19,-6,-3,0,-5,-2,-2
1516691221384045,-1,-2,1,4,-2,-1,1,0
1516691221384045,-1,12,4,2,0,-1,-4,-7
1516691221384964,-1,-7,-4,-3,-2,-3,-4,1
1516691221384964,1,-10,3,1,4,5,1,0
1516691221398501,0,14,0,1,-2,-1,0,1
1516691221398501,-8,-12,-9,-7,-5,-8,-5,-6
1516691221406605,7,-1,1,-7,-3,0,3,5
1516691221406605,7,6,-1,-1,-2,-3,-1,4
1516691221420588,-4,-13,-11,-5,-7,-4,-5,-3
1516691221420588,0,2,0,5,14,16,6,1
1516691221429082,-7,-13,-11,-2,-2,-3,-1,-5
1516691221429082,5,15,1,2,1,2,1,3
1516691221444141,-7,1,3,-2,-5,-7,-1,1
1516691221444141,0,-6,-2,-3,-5,-5,-1,2
1516691221444625,-8,-5,8,3,2,4,-3,-13
1516691221444625,0,-10,-26,-3,-3,-3,0,-1
1516691221458158,4,4,20,-4,1,1,2,2
1516691221458158,0,22,4,-5,-3,-2,-1,0
1516691221466196,0,-2,-2,-4,-6,-8,-2,1
1516691221466196,4,6,-1,-7,-6,0,1,1
1516691221480808,-4,-12,-10,-1,-1,-4,-3,-1
1516691221480808,-2,-10,1,-4,-19,-19,-8,-3
1516691221488740,2,13,6,3,13,18,1,0
1516691221488740,-7,-5,-11,-1,-1,-4,-1,-5
1516691221503781,-1,-1,-2,1,-2,-5,0,-3
1516691221503781,5,2,1,-2,-2,-2,2,3
1516691221504783,-2,4,8,1,-7,-8,-4,-2
1516691221504783,2,8,5,2,1,2,-4,-1
1516691221518319,-2,-15,-5,2,5,4,0,-2
1516691221518319,-4,-16,-3,1,-2,-5,-2,-1
1516691221526377,-3,9,-5,-2,0,-1,0,1
1516691221526377,-6,11,10,4,4,3,0,-1
1516691221540880,3,12,14,1,-6,-4,-3,-2
1516691221540880,1,-5,-12,0,6,4,-2,-6
1516691221548999,-4,7,-13,-9,-7,-2,-1,5
1516691221548999,6,2,22,6,2,-1,-1,0
1516691221564023,-5,-10,-21,-1,2,4,0,-2
1516691221564023,-3,-16,1,0,3,3,-1,1
1516691221564976,-4,9,-11,3,1,1,1,-1
1516691221564976,-3,-15,8,-14,-9,-8,-7,-4
1516691221578479,-1,3,38,14,7,4,3,-1
1516691221578479,6,18,-33,4,7,1,0,2
1516691221586583,-1,-17,-14,-5,-4,-5,-1,-1
1516691221586583,-7,-15,-10,-2,-1,0,0,-4
1516691221600538,3,7,1,-5,-4,-3,-3,-3
1516691221600538,-6,-14,-5,-9,-5,3,1,0
1516691221609060,4,-13,-8,1,1,0,-3,-3
1516691221609060,-5,24,16,3,2,-1,0,-1
1516691221624141,-5,-6,-12,-6,-6,-7,-4,-2
1516691221624141,-1,12,15,0,0,12,-2,-2
1516691221624602,10,-12,-7,-4,-2,-1,4,2
1516691221624602,-10,5,4,2,1,0,0,-5
1516691221638138,-1,-16,-21,-4,-3,4,2,1
1516691221638138,-2,11,16,-1,-9,-6,-6,-4
1516691221646672,1,10,12,3,7,-1,1,4
1516691221646672,0,-10,-15,-2,-8,-15,-2,0
1516691221660698,-3,5,17,0,5,10,5,-2
1516691221660698,-2,-19,-26,-3,-1,0,-3,-3
1516691221669221,-10,-4,0,-4,-5,3,-3,-3
1516691221669221,6,3,-3,-1,-3,-12,-2,2
1516691221683797,6,6,2,0,6,21,5,5
1516691221683797,-5,-15,8,-1,-4,-9,-2,-4
1516691221684762,5,29,14,3,3,-4,-1,-2
1516691221684762,-2,-16,-23,-4,-2,3,-1,-3
1516691221698382,-14,-51,-20,-9,-7,-4,-5,-3
1516691221698382,3,15,24,2,-1,-2,2,2
1516691221706401,7,8,1,-1,-2,1,-1,3
1516691221706401,-3,4,10,2,4,5,2,0
1516691221720951,5,4,0,4,0,-6,-2,-1
1516691221720951,-2,12,4,-3,1,4,2,-1
1516691221728879,-10,-35,-18,-4,-4,-9,-2,-4
1516691221728879,1,-6,1,1,0,3,-1,0
1516691221743955,1,16,1,-3,-2,-2,-1,0
1516691221743955,-2,-1,-2,-2,-2,-6,-3,-2
1516691221744922,0,1,3,2,-4,-15,-3,0
1516691221744922,-1,-2,-2,1,3,22,1,-4
1516691221758000,-7,-5,-9,-4,-5,-8,-2,1
1516691221758000,0,14,7,-2,1,0,-2,-5
1516691221766479,-2,-1,-5,0,-2,-2,-2,1
1516691221766479,-2,-7,4,2,-1,1,1,1
1516691221781017,2,12,-7,-6,-3,-10,-2,0
1516691221781017,2,-10,1,2,-3,-1,-2,3
1516691221789039,-5,-10,-9,-5,1,3,0,-2
1516691221789039,2,-5,2,-2,0,-2,-2,-1
1516691221804089,-6,-11,1,3,0,1,-3,-3
1516691221804089,3,5,-25,-7,-5,-8,-2,2
1516691221804581,-5,-13,18,6,1,6,0,-3
1516691221804581,8,35,3,-5,-4,-5,-3,2
1516691221818157,0,-2,-3,2,-1,-5,-4,-2
1516691221818157,-3,-8,2,-1,3,1,1,-2
1516691221826220,-3,-6,1,0,0,4,1,-3
1516691221826220,-6,-5,-8,-4,-4,-1,-3,-2
1516691221840715,7,6,2,0,-2,-16,-2,1
1516691221840715,-1,6,-1,1,1,-3,-1,-6
1516691221848734,-3,-15,-6,-1,-2,2,-4,-2
1516691221848734,-1,-14,-2,-2,-3,-8,0,0
1516691221863738,6,23,6,-1,-3,-2,-2,2
1516691221863738,-3,-4,-7,0,1,-4,-4,0
1516691221864739,-1,7,5,-1,-2,0,-4,-3
1516691221864739,-2,-13,-17,-2,0,-1,1,-1
1516691221878309,1,-1,13,1,-1,1,1,-1
1516691221878309,2,-3,-4,-1,-3,2,1,2
1516691221886330,-4,3,13,3,-1,2,0,-2
1516691221886330,-1,4,-5,-2,0,0,-2,-1
1516691221900872,-2,-4,-16,-4,-2,0,-2,-4
1516691221900872,-2,-7,0,0,0,2,-1,-2
1516691221908871,1,7,-1,-1,1,-2,1,1
1516691221908871,-3,-32,-8,-3,1,-3,-2,-1
1516691221923983,0,5,-5,-4,-1,0,-1,0
1516691221923983,-1,-7,-7,-3,-2,1,-1,0
1516691221924900,1,9,11,2,-1,-3,0,2
1516691221924900,3,1,1,0,-2,-2,-1,-3
1516691221938503,-2,-5,-9,-3,-1,0,1,-1
1516691221938503,-3,-1,3,2,0,0,-2,-1
1516691221946540,-1,-9,-17,-3,-2,-1,0,-1
1516691221946540,3,24,21,1,-2,-3,0,1
1516691221960997,-2,-23,-26,-5,0,0,-2,-1
1516691221960997,-2,6,5,1,-3,-1,-1,-1
1516691221969103,-4,-1,-9,-1,0,-2,-2,-2
1516691221969103,-2,-13,-4,0,-1,-1,-2,-2
1516691221984142,-3,-9,2,-1,-2,-1,-1,0
1516691221984142,3,30,22,3,-1,-1,0,-1
1516691221984558,0,-9,-10,-4,-3,-1,-2,0
1516691221984558,0,10,3,-1,-4,-1,0,1
1516691221998132,-3,-2,-1,4,1,-1,-1,-2
1516691221998132,-3,-3,4,-4,-2,1,-1,-1
1516691222006618,3,7,-7,-6,-2,-1,-2,-2
1516691222006618,-2,1,-1,1,0,-2,-2,-2
1516691222020686,1,7,0,-1,-1,0,0,0
1516691222020686,-2,-26,-3,1,0,-1,0,1
1516691222029179,1,38,10,0,2,-1,1,-1
1516691222029179,-1,-26,9,5,-2,-1,-2,-1
1516691222043258,1,8,-4,-2,3,2,2,3
1516691222043258,1,-6,-5,-3,-1,-2,-2,0
1516691222052239,-5,-14,-4,0,-2,-1,0,2
1516691222052239,-4,-2,-1,-1,-1,-2,-3,-11
1516691222058271,0,0,0,-1,-2,0,-3,-1
1516691222058271,0,-4,-9,-2,-1,-2,-1,-2
1516691222067279,2,-1,3,-2,-2,-3,0,0
1516691222067279,-3,-4,-12,-3,-2,0,0,-1
1516691222080844,0,4,22,3,-2,-2,-2,-2
1516691222080844,-2,-2,-10,-3,-1,-2,-2,-2
1516691222089840,-2,-8,0,-1,0,-2,-2,-4
1516691222089840,0,-1,-15,-2,-1,0,1,2
1516691222103385,-7,-3,2,1,0,-2,-3,-3
1516691222103385,3,8,6,1,-1,1,0,0
1516691222112430,0,-19,4,0,-1,-2,0,-2
1516691222112430,-7,-6,-15,-3,-3,-1,-3,-2
1516691222118502,-2,10,2,-1,-3,-1,-1,-1
1516691222118502,4,9,7,3,1,0,0,1
1516691222127469,-4,-6,-11,-3,-2,-1,-3,0
1516691222127469,-3,4,6,-2,1,0,-2,-4
1516691222141005,7,17,-3,0,-2,2,2,2
1516691222141005,-9,-30,-6,-1,0,1,-1,-2
1516691222149999,5,4,-3,-1,-2,1,-1,1
1516691222149999,-1,9,5,0,2,1,-2,1
1516691222163034,-4,-4,6,0,0,-3,-1,-2
1516691222163034,3,13,-4,-3,-3,-2,2,1
1516691222172059,0,-2,-3,-2,-3,0,0,5
1516691222172059,-1,0,-4,-2,1,-1,-4,-10
1516691222178073,-2,-8,1,2,-1,0,-3,-4
1516691222178073,1,11,7,4,-1,-1,0,1
1516691222187136,-1,-3,-8,-2,-5,-2,0,-2
1516691222187136,0,-3,-2,-1,-1,-3,-1,5
1516691222200671,0,-2,-3,-1,-2,1,-1,-2
1516691222200671,-2,7,14,-1,1,-2,-3,-5
1516691222209657,0,3,-1,-3,-1,-1,0,-1
1516691222209657,-1,2,3,3,0,0,1,2
1516691222223231,-5,-24,-13,-6,-4,-2,-4,-3
1516691222223231,-3,3,-14,-4,-5,-2,0,0
1516691222232218,1,-4,6,1,1,1,-2,-3
1516691222232218,4,8,-7,-6,-4,-1,-1,0
1516691222238317,5,-9,3,3,2,0,1,0
1516691222238317,-3,-6,-2,0,1,2,0,2
1516691222247257,-5,-13,-6,-1,0,-3,-2,-3
1516691222247257,-3,5,6,2,-3,-1,0,-1
1516691222269860,1,10,-4,-4,-3,-4,0,1
1516691222269860,1,-5,-14,-3,-2,3,0,0
1516691222271322,1,15,4,2,-1,-2,-3,-2
1516691222271322,0,-20,0,-1,-3,-1,1,2
1516691222283355,-8,-24,-15,-3,-3,-2,-4,-6
1516691222283355,3,31,9,1,-3,-2,-2,1
1516691222292378,-4,-11,2,-2,0,1,1,0
1516691222292378,3,7,-5,-3,-1,-3,1,0
1516691222307000,1,14,36,6,0,-2,1,5
1516691222307000,-3,-18,-31,-7,-1,-2,-1,-4
1516691222308921,-5,-11,-7,-5,-2,-3,-4,-9
1516691222308921,-1,0,5,0,0,0,0,-1
1516691222320954,-1,-5,-12,-4,0,0,-2,-1
1516691222320954,-2,6,12,2,0,0,0,2
1516691222329475,2,4,-10,-2,-1,0,-2,2
1516691222329475,3,22,10,1,0,0,-2,0
1516691222343514,-6,-29,-13,-3,0,0,-2,-1
1516691222343514,-2,-19,-2,-1,0,-2,0,-1
1516691222352037,1,3,-15,-3,-3,-4,-1,0
1516691222352037,-3,-10,-5,-4,-1,0,-1,-1
1516691222367159,0,14,-9,-1,-1,0,0,-2
1516691222367159,-1,-11,18,3,-1,0,-4,0
1516691222368581,-2,2,4,1,-1,2,-1,-2
1516691222368581,-2,-9,-7,0,0,-1,1,-2
1516691222380612,2,15,-4,-2,1,1,0,0
1516691222380612,-4,-5,1,-1,-2,-3,-2,-2
1516691222389637,-1,-12,9,2,-1,1,2,-2
1516691222389637,4,10,5,0,-2,-2,-2,0
1516691222403257,-3,-8,-11,-2,-5,-4,-3,-3
1516691222403257,-6,-4,-12,-7,2,2,0,-3
1516691222412204,1,10,4,0,-1,-1,-1,1
1516691222412204,-3,-6,-3,-1,-1,1,-4,-1
1516691222427236,-1,9,2,-2,-1,-2,-2,-1
1516691222427236,-2,-3,4,1,-3,-3,-4,-3
1516691222428740,-1,-17,-21,-5,-3,-1,-2,1
1516691222428740,-2,-1,11,-2,-3,-2,0,1
1516691222440855,1,3,4,-1,-2,-1,-1,0
1516691222440855,-3,-8,-2,-2,-1,-1,-2,-3
1516691222449797,0,19,7,-3,-1,-1,-3,-2
1516691222449797,1,4,-17,-2,-2,-1,-2,-2
1516691222463350,-1,-21,-4,-2,-4,0,0,5
1516691222463350,3,19,11,1,-2,-1,-4,-8
1516691222472357,-5,-29,1,3,1,-3,-6,-3
1516691222472357,-3,10,-10,-2,0,0,2,-5
1516691222486925,-2,-10,-24,-7,-2,2,2,3
1516691222486925,2,9,16,3,0,-1,1,2
1516691222488911,1,4,-1,-4,0,1,2,3
1516691222488911,-3,-5,17,5,2,-1,-4,-6
1516691222501016,-1,2,-8,-3,-4,-2,0,-1
1516691222501016,0,9,-14,-7,-4,-3,-1,0
1516691222509958,1,7,19,2,-2,-2,-1,0
1516691222509958,-5,-22,-29,-2,-2,-1,-1,1
1516691222523494,5,23,16,1,1,0,0,-3
1516691222523494,-6,-11,-4,2,1,1,-4,-3
1516691222532016,0,16,8,4,0,-4,-1,0
1516691222532016,-3,-5,-9,-4,-2,-3,0,0
1516691222547091,1,1,0,-2,0,-2,-2,-3
1516691222547091,3,-11,-11,-4,-4,-5,-2,4
1516691222548560,-5,-12,1,4,0,2,-2,-4
1516691222548560,4,4,-4,-3,-2,0,0,6
1516691222569614,-4,11,4,3,1,-1,-5,-15
1516691222569614,-2,-7,1,0,-3,0,-1,1
1516691222571118,0,7,-3,-3,-2,-1,0,-3
1516691222571118,-3,-15,-10,-3,-1,-1,-2,0
1516691222584192,0,1,7,-2,-2,-1,0,4
1516691222584192,-3,-3,-13,-5,0,0,-2,-2
1516691222590759,2,16,2,0,1,1,1,1
1516691222590759,2,17,15,2,0,0,-1,1
1516691222607298,0,1,1,-4,-2,-1,-2,0
1516691222607298,-5,1,1,0,-2,-1,0,-6
1516691222608719,-1,8,1,-2,-2,1,0,1
1516691222608719,-3,-8,-11,-1,-1,-1,0,-1
1516691222620849,-2,-10,-6,-1,0,-2,1,-1
1516691222620849,3,7,24,3,0,-1,0,2
1516691222637295,2,7,-34,-6,-2,-1,-3,-3
1516691222637295,-4,-34,4,-1,-3,-1,0,-1
1516691222644314,4,11,6,-3,-2,0,1,1
1516691222644314,-1,-9,-6,2,-2,-1,-1,0
1516691222650919,-4,-2,7,3,2,-1,0,-1
1516691222650919,4,2,-6,-1,-2,-1,-2,1
1516691222667398,-3,7,2,-1,1,0,2,2
1516691222667398,-2,-27,-7,0,-2,0,-1,-4
1516691222668932,-4,-10,-5,-3,-3,-1,-1,-2
1516691222668932,2,14,10,-3,0,-2,-1,0
1516691222680960,-6,-8,2,4,-1,-1,-3,0
1516691222680960,3,20,7,-2,-2,-2,1,1
1516691222689449,-4,-13,-17,-2,-1,-4,0,-3
1516691222689449,3,9,3,-2,0,1,-1,0
1516691222704025,-2,-1,3,1,0,0,-3,-2
1516691222704025,1,4,-3,-5,1,0,-1,-1
1516691222711006,-3,-10,0,-1,-1,-2,0,0
1516691222711006,2,31,11,3,0,-2,1,-1
1516691222727050,-3,-24,-3,1,-2,-3,-3,-4
1516691222727050,-5,-13,-3,0,-1,-1,0,0
1516691222728554,2,-7,-3,-4,-4,0,-2,-1
1516691222728554,-2,-8,0,4,0,1,0,2
1516691222740680,-1,13,7,-1,0,0,2,2
1516691222740680,0,-5,-17,-4,-1,1,-1,-1
1516691222749610,-2,-6,5,0,-2,-3,-3,-2
1516691222749610,-2,13,-8,0,0,-2,-2,-2
1516691222764148,1,-29,1,-3,-2,-2,0,1
1516691222764148,-2,14,-1,3,-1,0,-2,-1
1516691222778186,-1,3,-3,-2,-1,-2,-4,-2
1516691222778186,3,9,16,0,-2,-2,0,-1
1516691222787210,-3,7,-3,-1,-3,-2,0,-2
1516691222787210,-4,-23,-21,-3,0,0,-1,0
1516691222788741,6,7,15,-2,-4,1,-2,4
1516691222788741,-4,-18,-6,-3,-2,-5,-2,-5
1516691222800831,-1,5,-3,0,0,-2,-2,2
1516691222800831,-1,-10,-3,-2,1,-1,2,1
1516691222809770,-1,13,5,2,1,1,0,-1
1516691222809770,-1,-3,0,-3,-4,-2,-4,0
1516691222823806,2,19,1,-1,-1,-2,-2,-2
1516691222823806,-2,-7,-9,-3,-1,-3,-1,1
1516691222830916,-3,-19,-6,3,2,-1,-1,-3
1516691222830916,-1,3,-3,-7,-2,1,1,1
1516691222847395,0,-2,-9,1,1,1,1,0
1516691222847395,-3,4,14,1,-1,-1,-2,-3
1516691222848874,5,12,20,6,-1,-1,1,-1
1516691222848874,-4,-13,-24,-8,-1,2,-2,-1
1516691222860905,1,2,11,1,-1,2,0,0
1516691222860905,-4,3,-2,-1,-2,-3,-2,1
1516691222869943,-2,-10,-3,-3,-2,1,-3,-6
1516691222869943,1,-9,7,2,0,0,5,5
1516691222883966,-2,2,-15,-1,-1,-1,-4,-3
1516691222883966,0,-4,-4,-3,-1,-1,-2,-1
1516691222890985,1,13,7,0,-3,0,0,1
1516691222890985,-4,-15,6,2,-2,1,-3,-3
1516691222914547,-1,-21,-26,-5,-4,-4,-1,0
1516691222914547,8,49,27,4,-2,4,0,0
1516691222916052,-11,-47,-16,-4,-2,-3,-4,-2
1516691222916052,1,13,6,3,4,-1,-3,-2
1516691222920563,1,0,-2,-5,-1,-5,0,-2
1516691222920563,1,-21,-11,-3,-3,-1,-1,2
1516691222929589,0,15,-2,1,-2,-2,-1,0
1516691222929589,-3,-1,0,-1,-2,-4,-3,-4
1516691222944127,-5,-7,5,-1,-1,-2,-1,-1
1516691222944127,3,6,-1,1,-1,-2,0,0
1516691222950645,1,2,-2,-4,-1,-1,1,2
1516691222950645,-5,4,-6,-2,-2,-4,-3,-4
1516691222967227,2,-5,-2,0,-1,1,1,0
1516691222967227,-1,2,2,1,-1,0,0,-1
1516691222968730,-2,-8,-12,-6,-1,0,0,0
1516691222968730,0,3,13,4,-2,1,-1,-2
1516691222980761,3,29,6,1,0,2,1,1
1516691222980761,-7,-40,-6,-1,0,0,0,0
1516691222989788,-2,13,-12,1,-2,-4,-1,-3
1516691222989788,-1,7,-12,-3,-2,-1,-2,0
1516691223003822,-2,-8,11,0,2,5,-2,-5
1516691223003822,1,12,1,-1,-2,-2,1,1
1516691223010810,3,15,16,2,-2,-1,-3,-1
1516691223010810,-1,-14,-1,-1,-4,-3,-1,-1
1516691223027385,-2,-8,-12,-6,-3,-1,-3,1
1516691223027385,-2,4,0,-1,-1,-2,-2,-5
1516691223028853,0,-3,5,3,2,3,1,0
1516691223028853,2,15,-7,-2,-3,-2,-2,0
1516691223040886,-4,-14,-10,-1,-2,-3,-3,-2
1516691223040886,-1,3,-4,0,-2,0,-3,-3
1516691223049909,3,0,2,-1,2,0,2,2
1516691223049909,1,-2,-2,-3,-1,0,2,-1
1516691223063947,-4,5,3,-1,1,1,-1,-2
1516691223063947,1,22,13,2,0,-1,-1,1
1516691223070966,1,0,-6,-3,-3,0,0,0
1516691223070966,-2,-5,2,-2,2,0,-1,-1
1516691223086507,-1,-12,0,0,-4,-6,-2,1
1516691223086507,2,7,6,-2,1,4,0,-3
1516691223093023,-2,-15,-19,-2,-2,-2,0,-1
1516691223093023,0,-23,12,-1,-5,-2,-3,-2
1516691223100544,0,8,-12,-1,-1,-1,-2,-1
1516691223100544,0,-2,4,-1,-3,-4,-3,0
1516691223109623,-3,-10,-3,-1,0,2,-1,-3
1516691223109623,-4,-10,-15,-2,-1,0,-1,-1
1516691223124186,-3,3,40,10,0,-2,0,-2
1516691223124186,1,-3,-25,-8,-5,-3,-4,-4
1516691223130715,-2,1,-20,-3,0,-3,-1,-3
1516691223130715,-1,-1,0,1,-1,-3,0,-1
1516691223146737,-1,-6,-4,-1,0,4,-2,-2
1516691223146737,1,6,13,2,1,0,0,2
1516691223153330,-1,-2,3,-4,0,0,-2,1
1516691223153330,0,6,-6,-2,-2,-1,-1,-2
1516691223160796,1,10,2,-1,2,0,1,0
1516691223160796,-4,-22,-9,-2,-1,-4,-3,-4
1516691223169794,-2,6,-1,2,0,0,-2,-2
1516691223169794,3,11,10,0,1,0,0,0
1516691223183830,-2,-22,-4,-4,-4,-3,-1,0
1516691223183830,1,8,-19,1,-2,-1,-2,-2
1516691223190924,-1,-4,12,1,0,-2,-1,-3
1516691223190924,3,35,1,2,-2,1,0,0
1516691223206465,-3,-30,-3,0,0,-2,-2,-1
1516691223206465,0,-6,-10,-4,0,-2,-2,-4
1516691223213399,0,4,24,5,0,1,1,1
1516691223213399,0,-6,-27,-4,-2,-1,-2,-5
1516691223221004,1,18,1,-3,2,0,0,-1
1516691223221004,1,-13,-2,1,-2,-2,1,1
1516691223229943,2,3,-8,-2,-1,-1,1,6
1516691223229943,-7,-13,14,2,0,-1,-5,-9
1516691223243981,1,-1,-10,-3,-3,0,0,-2
1516691223243981,-3,-1,-1,-2,-1,-1,-2,0
1516691223250499,-3,10,-4,-2,-3,-5,-4,-5
1516691223250499,-1,-9,14,1,2,2,3,5
1516691223266541,2,10,-21,-7,-5,-3,-3,0
1516691223266541,-7,-34,1,-1,0,1,-2,-3
1516691223273062,3,21,2,1,-3,0,-2,-1
1516691223273062,-6,-13,4,-1,-2,0,-2,-1
1516691223289623,1,4,-3,4,-1,-1,-2,1
1516691223289623,-2,6,18,3,1,1,0,1
1516691223291106,-3,9,-13,-5,-2,-2,0,-1
1516691223291106,-6,-33,-9,-2,-1,-2,-2,2
1516691223304170,1,16,-3,0,0,-1,-6,-7
1516691223304170,-1,6,2,-1,0,2,1,-1
1516691223310666,-6,-24,3,0,-2,1,3,-2
1516691223310666,4,9,-10,-5,-3,-1,1,3
1516691223326231,1,17,16,-1,-2,-4,-1,0
1516691223326231,1,0,-1,-2,-2,0,-3,-3
1516691223333302,0,0,1,-1,0,0,-3,0
1516691223333302,1,8,-8,-2,-1,-1,-1,3
1516691223349849,-4,-19,7,2,-1,-2,0,-7
1516691223349849,-7,-3,-19,1,0,-2,0,2
1516691223351266,1,-32,-9,-2,-3,0,-3,-2
1516691223351266,2,13,3,-1,-1,-6,-2,-2
1516691223363800,4,-3,4,-2,1,3,-1,1
1516691223363800,-18,-7,-1,0,-3,-4,-1,-4
1516691223370903,4,15,4,-4,-1,-4,1,4
1516691223370903,0,-4,-13,-3,-1,0,-3,-6
1516691223386360,-3,-5,-18,-3,-3,-2,-1,0
1516691223386360,1,2,-7,-4,-5,-2,-6,-6
1516691223393378,-3,-12,-9,3,1,-1,-3,-1
1516691223393378,-4,-17,-18,0,5,6,5,-3
1516691223409421,-3,5,31,9,-2,-1,3,7
1516691223409421,18,30,1,-6,-1,-3,2,6
1516691223410926,-4,1,-8,-2,6,10,-1,-3
1516691223410926,2,6,-9,-2,-6,-6,-6,-3
1516691223424046,-6,-20,-2,1,4,2,4,-8
1516691223424046,0,-2,2,0,-3,-2,-1,4
1516691223431041,-2,-6,1,3,1,3,-2,-3
1516691223431041,-1,10,9,-7,-42,-68,-20,-1
1516691223446520,2,0,-1,7,46,83,7,-13
1516691223446520,5,6,4,6,2,2,-4,-15
1516691223453128,-23,-17,-16,-11,-21,-59,-16,-7
1516691223453128,7,17,26,6,13,50,15,22
1516691223470181,3,-27,-18,0,10,3,32,17
1516691223470181,3,18,-2,-4,-5,5,0,3
1516691223471589,4,-17,4,5,5,12,-1,-10
1516691223471589,-1,18,6,-11,-35,-58,-18,19
1516691223484164,1,12,7,8,15,14,-19,-23
1516691223484164,-8,-31,-18,-3,8,17,10,-5
1516691223490719,-2,17,14,0,-8,-14,-3,3
1516691223490719,2,-2,-3,0,1,9,0,-10
1516691223506179,0,-8,-21,-12,-12,-11,-2,14
1516691223506179,-4,6,17,4,1,-5,3,-1
1516691223513197,5,-6,-11,-7,-16,-11,-7,-7
1516691223513197,0,9,12,7,19,20,6,1
1516691223529813,-5,-32,-28,-7,-12,-16,-5,-6
1516691223529813,-6,-15,-5,-4,-12,-16,-13,-2
1516691223531245,4,25,31,9,10,16,10,10
1516691223531245,-2,-15,-19,-4,17,22,4,-9
1516691223543797,-2,-3,4,-5,-19,-27,-9,2
1516691223543797,-1,10,-30,-6,-6,-8,-1,1
1516691223550798,-3,-5,46,13,7,19,4,1
1516691223550798,-9,-27,-24,7,10,6,4,-7
1516691223566425,9,64,5,-11,-18,-21,-8,-1
1516691223566425,-2,-59,-18,-18,-2,1,-1,6
1516691223573359,7,29,-14,-13,2,9,2,-2
1516691223573359,-19,-58,-21,31,8,4,-1,-9
1516691223589400,6,36,45,-2,-8,-11,-1,9
1516691223589400,10,46,2,-2,0,3,5,4
1516691223591407,-12,-61,-52,-12,-7,-4,0,-6
1516691223591407,-3,-9,14,-4,-2,-2,2,-1
