timestamp,roll,pitch,yaw
1524564439172257,0.299629,-0.120646,0.416446
1524564439188297,0.298165,-0.120849,0.417343
1524564439210357,0.298083,-0.12167,0.418619
1524564439233418,0.297058,-0.122849,0.419503
1524564439248457,0.292821,-0.123591,0.420542
1524564439255478,0.28644,-0.123664,0.42201
1524564439286558,0.279208,-0.124698,0.423617
1524564439301602,0.272338,-0.127743,0.424729
1524564439347721,0.265565,-0.130517,0.424761
1524564439349727,0.262257,-0.132722,0.423366
1524564439361758,0.264915,-0.136078,0.421589
1524564439377802,0.275424,-0.132511,0.420874
1524564439397855,0.295892,-0.124783,0.424488
1524564439460020,0.307352,-0.115526,0.433064
1524564439461023,0.308571,-0.102893,0.445156
1524564439462026,0.314912,-0.0929357,0.459866
1524564439480073,0.328239,-0.0850665,0.47705
1524564439503135,0.339373,-0.076622,0.495271
1524564439517173,0.345565,-0.0669687,0.514728
1524564439540247,0.346919,-0.0582195,0.535001
1524564439554272,0.343835,-0.0504579,0.555824
1524564439577332,0.338109,-0.0470775,0.577275
1524564439599390,0.330276,-0.0467061,0.59914
1524564439614431,0.319889,-0.0482097,0.620447
1524564439637493,0.308312,-0.0494631,0.640762
1524564439668600,0.299086,-0.0507817,0.658738
1524564439675035,0.292621,-0.053281,0.674832
1524564439697683,0.285123,-0.0562179,0.689208
1524564439719742,0.278378,-0.0581869,0.701136
1524564439734800,0.274195,-0.0594218,0.71102
1524564439756845,0.270178,-0.0603365,0.717675
1524564439782910,0.264176,-0.0596614,0.721454
1524564439794942,0.257979,-0.0576346,0.722899
1524564439817000,0.254102,-0.0542173,0.722162
1524564439840099,0.255721,-0.0508826,0.721139
1524564439856107,0.256667,-0.0482868,0.719777
1524564439877159,0.257186,-0.0457768,0.719153
1524564439895208,0.258451,-0.0444805,0.718693
1524564439917268,0.260321,-0.0440346,0.718032
1524564439944339,0.26161,-0.0421705,0.716162
1524564439955369,0.261863,-0.0403284,0.714577
1524564439976425,0.261411,-0.0389523,0.713403
1524564439997480,0.259326,-0.0374079,0.712604
1524564440015528,0.257033,-0.0359764,0.71036
1524564440036586,0.257082,-0.0341423,0.707286
1524564440058643,0.256718,-0.0332222,0.705446
1524564440074686,0.254253,-0.0326771,0.704251
1524564440095741,0.251385,-0.0325058,0.702988
1524564440116797,0.251272,-0.0319484,0.701093
1524564440134847,0.252066,-0.0317807,0.699547
1524564440155906,0.25156,-0.0309411,0.698597
1524564440176958,0.251929,-0.0306496,0.698401
1524564440195006,0.25349,-0.0317063,0.698031
1524564440224090,0.252488,-0.0330151,0.697845
1524564440240134,0.249682,-0.0346058,0.697831
1524564440255166,0.2479,-0.0359376,0.698028
1524564440277224,0.247744,-0.0363748,0.697857
1524564440297277,0.248715,-0.0361845,0.697622
1524564440315326,0.249809,-0.0360659,0.697671
1524564440338387,0.249432,-0.0367402,0.697825
1524564440357445,0.246737,-0.0373819,0.698364
1524564440375485,0.245692,-0.0381044,0.69876
1524564440397544,0.246099,-0.0391218,0.698386
1524564440417598,0.245633,-0.0396707,0.697932
1524564440447677,0.244694,-0.0400384,0.697329
1524564440464723,0.243296,-0.0402989,0.697282
1524564440479763,0.24078,-0.0396135,0.697023
1524564440501834,0.23988,-0.0387548,0.695908
1524564440516861,0.24156,-0.0376669,0.694905
1524564440538921,0.243274,-0.0368466,0.693877
1524564440559976,0.243225,-0.0361817,0.692904
1524564440577022,0.240952,-0.0354771,0.691724
1524564440599080,0.240333,-0.0345575,0.690382
1524564440620137,0.242672,-0.033399,0.689007
1524564440637223,0.244672,-0.0324617,0.687369
1524564440659241,0.245285,-0.0317438,0.686162
1524564440682301,0.244999,-0.0313469,0.684895
1524564440696371,0.243934,-0.0309159,0.683475
1524564440726418,0.242951,-0.0305943,0.681654
1524564440741459,0.244562,-0.0307424,0.680381
1524564440756511,0.246968,-0.0316395,0.679686
1524564440785610,0.246479,-0.0329473,0.678973
1524564440801620,0.244403,-0.0343485,0.678359
1524564440816684,0.243118,-0.0357658,0.677793
1524564440839728,0.24197,-0.0371452,0.677464
1524564440861779,0.240328,-0.038091,0.677189
1524564440875818,0.239658,-0.038852,0.676817
1524564440898878,0.239001,-0.0391981,0.676239
1524564440921941,0.23899,-0.0384216,0.675284
1524564440935978,0.23953,-0.0371655,0.67413
1524564440974077,0.240628,-0.0350745,0.673101
1524564440982100,0.242626,-0.0326079,0.671747
1524564441010173,0.245469,-0.0306766,0.67022
1524564441019213,0.248497,-0.0290314,0.669465
1524564441042261,0.251705,-0.0276453,0.669204
1524564441056301,0.253742,-0.0263025,0.669433
1524564441079359,0.255098,-0.025804,0.669913
1524564441102438,0.255795,-0.0257938,0.670997
1524564441116457,0.256592,-0.026211,0.672006
1524564441139519,0.256569,-0.0274434,0.6725
1524564441169632,0.255925,-0.0289038,0.672424
1524564441190664,0.255641,-0.0305002,0.672497
1524564441199678,0.255456,-0.0325231,0.672497
1524564441221737,0.252561,-0.0344737,0.672322
1524564441242826,0.248021,-0.0362274,0.671973
1524564441259839,0.24381,-0.0374806,0.671996
1524564441281898,0.241147,-0.0387503,0.67191
1524564441302982,0.238576,-0.039362,0.671513
1524564441319005,0.237419,-0.0393237,0.671375
1524564441342064,0.238134,-0.0391211,0.670902
1524564441363112,0.240327,-0.0387464,0.670074
1524564441379155,0.243867,-0.0378533,0.668705
1524564441402220,0.248258,-0.0367103,0.667109
1524564441423274,0.252518,-0.0363207,0.665681
1524564441445331,0.25554,-0.0368998,0.664132
1524564441461374,0.256296,-0.0376602,0.663021
1524564441482429,0.256375,-0.0392816,0.662302
1524564441499475,0.256799,-0.0410403,0.661699
1524564441521535,0.256761,-0.043005,0.660935
1524564441542591,0.256689,-0.0443338,0.660384
1524564441559635,0.257249,-0.0464967,0.659632
1524564441581695,0.256754,-0.0486528,0.658573
1524564441610771,0.255112,-0.0507286,0.656995
1524564441619796,0.252539,-0.0528579,0.655261
1524564441641861,0.249154,-0.054715,0.653558
1524564441663947,0.244913,-0.0556346,0.651818
1524564441678954,0.240676,-0.0558396,0.650584
1524564441702016,0.237161,-0.0554497,0.649811
1524564441725077,0.234671,-0.0546951,0.649451
1524564441739113,0.234344,-0.0537184,0.648786
1524564441762209,0.235405,-0.0524307,0.648013
1524564441784233,0.237919,-0.0510669,0.646897
1524564441798271,0.242237,-0.0501699,0.645791
1524564441822337,0.247057,-0.0500317,0.644186
1524564441844394,0.251263,-0.050174,0.642417
1524564441858430,0.254576,-0.0510832,0.64094
1524564441889545,0.257023,-0.0526811,0.64001
1524564441904555,0.258146,-0.054382,0.639312
1524564441918590,0.257977,-0.0560248,0.638448
1524564441941653,0.257701,-0.0580607,0.637954
1524564441964746,0.257523,-0.0605538,0.637636
1524564441985833,0.256712,-0.0626492,0.637006
1524564442001813,0.256057,-0.0646368,0.636119
1524564442023882,0.254651,-0.0665261,0.635353
1524564442038912,0.252867,-0.0676156,0.634443
1524564442061972,0.250049,-0.0682632,0.633683
1524564442084030,0.247301,-0.0683145,0.633132
1524564442099104,0.243258,-0.0679771,0.632884
1524564442122134,0.238499,-0.0670882,0.633228
1524564442144191,0.235861,-0.0656521,0.633894
1524564442167285,0.235819,-0.0637926,0.634606
1524564442182293,0.237571,-0.0615815,0.634975
1524564442204352,0.239995,-0.0593327,0.635382
1524564442225410,0.242578,-0.0570084,0.635813
1524564442241472,0.244373,-0.0546855,0.636218
1524564442264511,0.246495,-0.0529774,0.636578
1524564442285576,0.247873,-0.0515692,0.637155
1524564442301610,0.249096,-0.0502386,0.637719
1524564442324679,0.250424,-0.0497641,0.638555
1524564442345727,0.251951,-0.0499456,0.639998
1524564442361769,0.252469,-0.0507842,0.641069
1524564442384833,0.252453,-0.0520802,0.642092
1524564442404885,0.253419,-0.0535082,0.642589
1524564442421931,0.253723,-0.0549241,0.642666
1524564442443990,0.252263,-0.0562042,0.642375
1524564442465045,0.248857,-0.0574765,0.642059
1524564442482090,0.245682,-0.058398,0.64138
1524564442504150,0.24303,-0.058946,0.640519
1524564442525214,0.239599,-0.0590954,0.639561
1524564442542250,0.236241,-0.0586344,0.638673
1524564442564309,0.234492,-0.0576108,0.638237
1524564442587375,0.234893,-0.0563691,0.637602
1524564442601407,0.236225,-0.0550516,0.636984
1524564442624473,0.237787,-0.0534116,0.636273
1524564442646526,0.240401,-0.0517478,0.635725
1524564442661567,0.244301,-0.0500913,0.634934
1524564442684628,0.248159,-0.0489784,0.634482
1524564442706688,0.251303,-0.0484348,0.634188
1524564442721729,0.251799,-0.0489061,0.634519
1524564442744790,0.251316,-0.0496323,0.635331
1524564442766848,0.251078,-0.0508336,0.636242
1524564442780884,0.251579,-0.0517043,0.636669
1524564442803961,0.252716,-0.0530041,0.636798
1524564442809965,0.25225,-0.0544328,0.637006
1524564442835029,0.251283,-0.0558058,0.637088
1524564442849065,0.249696,-0.0570848,0.637045
1524564442870171,0.24682,-0.0583239,0.636984
1524564442892217,0.243755,-0.0590016,0.637149
1524564442908255,0.241377,-0.0591133,0.637098
1524564442929313,0.238959,-0.0589866,0.637351
1524564442952343,0.237268,-0.0582084,0.637671
1524564442968383,0.237336,-0.0572402,0.638052
1524564442997494,0.238637,-0.0560603,0.638587
1524564443012499,0.240126,-0.0551045,0.63936
1524564443027542,0.242118,-0.0542057,0.64026
1524564443049633,0.244924,-0.0531972,0.641184
1524564443072663,0.247972,-0.0526369,0.641936
1524564443087705,0.251118,-0.0522311,0.64271
1524564443112799,0.25324,-0.0521311,0.643405
1524564443131851,0.255007,-0.0522841,0.643915
1524564443148864,0.25624,-0.0528941,0.644377
1524564443169982,0.256826,-0.0534889,0.644449
1524564443194986,0.256766,-0.0540841,0.644268
1524564443209055,0.256659,-0.0543633,0.643701
1524564443230113,0.256067,-0.0549348,0.642717
1524564443252173,0.254425,-0.0555565,0.641849
1524564443275265,0.252263,-0.0565724,0.641304
1524564443289238,0.249341,-0.0575521,0.641403
1524564443312298,0.246222,-0.0583547,0.641658
1524564443328342,0.243325,-0.0588822,0.642207
1524564443349433,0.241395,-0.058837,0.642829
1524564443372458,0.240565,-0.0582573,0.643554
1524564443388504,0.241056,-0.0571927,0.644076
1524564443409566,0.242552,-0.0554281,0.644546
1524564443432618,0.244591,-0.0536369,0.645439
1524564443448660,0.246342,-0.0518866,0.64629
1524564443469717,0.248467,-0.0502531,0.647181
1524564443500799,0.250268,-0.0491739,0.648111
1524564443508821,0.252548,-0.0486359,0.649007
1524564443529876,0.254035,-0.0485431,0.650346
1524564443554944,0.254244,-0.0487527,0.651366
1524564443569987,0.254926,-0.0494712,0.652071
1524564443590039,0.255812,-0.049935,0.652285
1524564443608107,0.256068,-0.0507167,0.65257
1524564443630143,0.255213,-0.0521528,0.652925
1524564443650196,0.254234,-0.0535181,0.653003
1524564443668245,0.25341,-0.0547765,0.652822
1524564443690305,0.251588,-0.0559469,0.652666
1524564443709356,0.249094,-0.0567829,0.652658
1524564443727402,0.247504,-0.0572502,0.652454
1524564443750495,0.246992,-0.0572232,0.652574
1524564443769548,0.246728,-0.0568743,0.65263
1524564443787565,0.246565,-0.0561673,0.652558
1524564443810644,0.248125,-0.0553988,0.652542
1524564443832682,0.250238,-0.0545578,0.652564
1524564443847723,0.251825,-0.0536921,0.652675
1524564443870800,0.252912,-0.0531501,0.652618
1524564443889834,0.254189,-0.0528504,0.652936
1524564443907932,0.254971,-0.0529058,0.65336
1524564443929941,0.255383,-0.0532288,0.653705
1524564443950027,0.256192,-0.0539386,0.654027
1524564443968043,0.256223,-0.0546241,0.654202
1524564443990104,0.255517,-0.0555537,0.654203
1524564444010155,0.254429,-0.0564624,0.654079
1524564444028204,0.253576,-0.0570509,0.653862
1524564444050294,0.252461,-0.0576739,0.653661
1524564444070322,0.251027,-0.058049,0.653332
1524564444087367,0.249986,-0.0580443,0.653064
1524564444110421,0.249867,-0.058005,0.653063
1524564444131511,0.248971,-0.0575741,0.653098
1524564444146518,0.248534,-0.0569341,0.653288
1524564444169580,0.248874,-0.0563176,0.653621
1524564444191639,0.249717,-0.0557766,0.654221
1524564444206678,0.250325,-0.0551729,0.654958
1524564444229739,0.251629,-0.0547924,0.655534
1524564444250794,0.252896,-0.0545431,0.656235
1524564444266838,0.253507,-0.0543246,0.656932
1524564444288899,0.253879,-0.0543951,0.657445
1524564444309952,0.254024,-0.0543376,0.657569
1524564444334016,0.254063,-0.054223,0.657584
1524564444349057,0.253593,-0.0544795,0.657813
1524564444370117,0.252896,-0.0546237,0.657793
1524564444387167,0.252554,-0.054871,0.657638
1524564444409217,0.252356,-0.055045,0.657469
1524564444430271,0.251818,-0.0554977,0.657423
1524564444447317,0.2517,-0.0554582,0.657422
1524564444469377,0.251581,-0.0554186,0.65742
1524564444499456,0.251462,-0.0553791,0.657419
1524564444506474,0.251686,-0.0547243,0.657753
1524564444529537,0.25187,-0.0541843,0.658073
1524564444551595,0.251991,-0.0534883,0.658437
1524564444566635,0.252399,-0.0526618,0.658911
1524564444589698,0.253483,-0.0522035,0.659519
1524564444612758,0.253818,-0.0520214,0.660199
1524564444625792,0.254312,-0.0517648,0.660897
1524564444648853,0.254881,-0.0516313,0.661303
1524564444678934,0.255529,-0.0516523,0.661696
1524564444685952,0.255995,-0.0518607,0.662089
1524564444709019,0.255786,-0.0520835,0.662304
1524564444732108,0.255313,-0.0523234,0.662393
1524564444746113,0.255155,-0.0523981,0.662377
1524564444777196,0.25517,-0.052396,0.662408
1524564444792234,0.255091,-0.0522417,0.662421
1524564444806272,0.254933,-0.0523164,0.662405
1524564444829335,0.255091,-0.0522417,0.662421
1524564444851427,0.255128,-0.0521115,0.662297
1524564444866465,0.25501,-0.0520717,0.662296
1524564444889497,0.254891,-0.0520319,0.662294
1524564444911551,0.2557,-0.0516111,0.662886
1524564444926593,0.257404,-0.051243,0.66349
1524564444949654,0.257819,-0.0512173,0.664159
1524564444971714,0.257629,-0.0514094,0.665023
1524564444992779,0.257574,-0.0512559,0.665964
1524564445009815,0.25803,-0.0511165,0.666649
1524564445031872,0.259023,-0.0508952,0.6672
1524564445052930,0.260137,-0.0503475,0.667938
1524564445068972,0.260554,-0.0503237,0.668609
1524564445092045,0.259258,-0.050345,0.669242
1524564445120108,0.258157,-0.0501454,0.669629
1524564445129131,0.259215,-0.0497591,0.669842
1524564445152224,0.260363,-0.0498329,0.670228
1524564445173249,0.25958,-0.0498839,0.670745
1524564445189292,0.258625,-0.0496277,0.671257
1524564445219372,0.258748,-0.0489018,0.671347
1524564445240428,0.258714,-0.0482658,0.67156
1524564445249451,0.257036,-0.0474621,0.671873
1524564445271520,0.256102,-0.0464361,0.672504
1524564445292573,0.256338,-0.045417,0.673028
1524564445309612,0.255965,-0.044657,0.673266
1524564445331669,0.255184,-0.0439083,0.673591
1524564445352726,0.254364,-0.0432736,0.6739
1524564445369774,0.254297,-0.0423837,0.674281
1524564445391835,0.254876,-0.0414883,0.674781
1524564445413888,0.255598,-0.0413194,0.675458
1524564445428928,0.255325,-0.041464,0.676384
1524564445451990,0.254025,-0.0414325,0.676595
1524564445474050,0.253096,-0.0415195,0.676845
1524564445504128,0.253317,-0.0416033,0.676818
1524564445512150,0.254407,-0.0422552,0.676916
1524564445534208,0.255596,-0.0433336,0.676941
1524564445548245,0.25616,-0.0446726,0.676647
1524564445572311,0.255956,-0.0459447,0.675954
1524564445594370,0.252175,-0.0462507,0.674681
1524564445608407,0.248836,-0.0464084,0.673928
1524564445631467,0.246738,-0.0467938,0.673584
1524564445654538,0.245309,-0.0471231,0.672999
1524564445668566,0.24503,-0.0471417,0.672842
1524564445691628,0.241217,-0.0467945,0.671516
1524564445714689,0.236841,-0.0457311,0.669064
1524564445728725,0.24043,-0.0443699,0.668011
1524564445751787,0.241073,-0.0451423,0.668182
1524564445774849,0.236088,-0.0444652,0.667399
1524564445788889,0.233861,-0.0440178,0.665828
1524564445811948,0.234966,-0.0433925,0.664993
1524564445834006,0.236627,-0.044299,0.665594
1524564445857067,0.234943,-0.0457849,0.665526
1524564445872111,0.235382,-0.0459994,0.664992
1524564445900181,0.238884,-0.047214,0.66595
1524564445915221,0.240051,-0.0488078,0.667095
1524564445932268,0.239893,-0.0488823,0.66708
1524564445954338,0.242075,-0.0486112,0.667155
1524564445975394,0.242734,-0.0490261,0.668542
1524564445991424,0.242901,-0.0497301,0.669512
1524564446014487,0.243407,-0.0490415,0.669863
1524564446059606,0.245124,-0.0482596,0.670256
1524564446062645,0.246317,-0.0478628,0.670975
1524564446075649,0.247325,-0.0476379,0.671555
1524564446095703,0.247269,-0.0470508,0.672121
1524564446117761,0.247387,-0.0459888,0.672637
1524564446134815,0.248363,-0.0454329,0.672721
1524564446162913,0.247975,-0.0450733,0.673022
1524564446171905,0.247341,-0.0446655,0.673568
1524564446193967,0.247483,-0.0435535,0.67373
1524564446215020,0.248337,-0.0426224,0.674243
1524564446232064,0.248341,-0.0418408,0.67419
1524564446254123,0.246241,-0.0411861,0.674883
1524564446275182,0.243831,-0.0403092,0.675725
1524564446292232,0.243814,-0.0392561,0.676597
1524564446314284,0.244133,-0.0395985,0.678404
1524564446335375,0.243812,-0.0394862,0.679468
1524564446351415,0.243044,-0.0399101,0.680844
1524564446374447,0.243397,-0.0397727,0.682818
1524564446396508,0.244198,-0.0394364,0.684053
1524564446411542,0.24333,-0.038668,0.685555
1524564446441623,0.242722,-0.0386036,0.686712
1524564446457669,0.244711,-0.038143,0.686673
1524564446479725,0.24979,-0.0382106,0.686302
1524564446494766,0.254038,-0.0380231,0.686171
1524564446516822,0.257634,-0.0397783,0.687611
1524564446530861,0.259515,-0.0411286,0.687759
1524564446554924,0.262892,-0.0431379,0.688789
1524564446576991,0.265542,-0.0449897,0.690444
1524564446593025,0.267816,-0.0460067,0.690906
1524564446614080,0.269277,-0.0470465,0.690809
1524564446637146,0.26893,-0.0480609,0.691457
1524564446651180,0.269185,-0.0495896,0.692304
1524564446674242,0.273223,-0.0516125,0.693481
1524564446697303,0.276995,-0.0516939,0.693547
1524564446711340,0.278165,-0.0524239,0.692959
1524564446734402,0.278849,-0.0528687,0.695154
1524564446756462,0.279139,-0.053164,0.695502
1524564446771522,0.280185,-0.0534557,0.694054
1524564446794563,0.283956,-0.0526694,0.691883
1524564446816619,0.27641,-0.0560364,0.695982
1524564446831661,0.27641,-0.0570773,0.695061
1524564446854778,0.281799,-0.058118,0.694132
1524564446884815,0.282776,-0.0575592,0.693323
1524564446897869,0.277746,-0.0614934,0.695988
1524564446913914,0.280635,-0.0617691,0.69506
1524564446936942,0.290815,-0.0611281,0.693135
1524564446957998,0.296335,-0.0592569,0.6926
1524564446974040,0.285555,-0.0631675,0.695927
1524564446997101,0.287756,-0.0624048,0.694216
1524564447018209,0.297433,-0.0628318,0.692792
1524564447034198,0.29419,-0.0613714,0.695146
1524564447057262,0.285136,-0.062157,0.696314
1524564447078316,0.288512,-0.0604143,0.695705
1524564447084365,0.300875,-0.0588525,0.694496
1524564447107396,0.29443,-0.0591038,0.698496
1524564447122498,0.287565,-0.0584447,0.698681
1524564447144531,0.294281,-0.0572219,0.696915
1524564447162540,0.294224,-0.055631,0.697803
1524564447182593,0.285978,-0.0563208,0.698943
1524564447204686,0.286778,-0.0562545,0.698318
1524564447219693,0.29879,-0.0552693,0.69652
1524564447242765,0.296192,-0.0557805,0.699924
1524564447264846,0.292059,-0.055594,0.700117
1524564447279853,0.299202,-0.0535502,0.698738
1524564447301945,0.301069,-0.0535783,0.699596
1524564447319959,0.298387,-0.0548653,0.700641
1524564447340014,0.295208,-0.0545017,0.699946
1524564447362073,0.298277,-0.0527858,0.697787
1524564447380120,0.296988,-0.0524034,0.699088
1524564447400171,0.292952,-0.0530813,0.699564
1524564447422270,0.287279,-0.0527297,0.698943
1524564447440280,0.281575,-0.0516442,0.696974
1524564447460341,0.284046,-0.0472419,0.691311
1524564447482391,0.278303,-0.0456374,0.695433
1524564447505502,0.268423,-0.0458035,0.696202
1524564447521531,0.266082,-0.046205,0.697658
1524564447542552,0.267532,-0.0451189,0.698213
1524564447573634,0.267087,-0.0450257,0.699673
1524564447579650,0.267442,-0.0455947,0.70093
1524564447601708,0.264894,-0.0466848,0.704139
1524564447616747,0.26336,-0.0413014,0.706194
1524564447639809,0.265991,-0.0496312,0.707201
1524564447663875,0.269762,-0.0450713,0.706838
1524564447676909,0.263178,-0.0359039,0.708453
1524564447699969,0.261325,-0.0396659,0.7103
1524564447722062,0.258191,-0.0404168,0.71181
1524564447737070,0.253075,-0.0423778,0.714355
1524564447760130,0.249773,-0.0442894,0.716253
1524564447782187,0.248795,-0.0452379,0.717318
1524564447799235,0.242531,-0.0469223,0.718163
1524564447828340,0.237326,-0.0467636,0.71794
1524564447842349,0.233331,-0.0465127,0.71748
1524564447857420,0.231101,-0.0461966,0.718511
1524564447879478,0.232838,-0.0472513,0.719627
1524564447903511,0.230434,-0.0480191,0.719345
1524564447917583,0.227819,-0.0475879,0.718552
1524564447939639,0.229125,-0.0472655,0.718364
1524564447962669,0.229707,-0.0470991,0.718379
1524564447977715,0.226704,-0.0466821,0.717851
1524564447999799,0.225152,-0.0448085,0.716969
1524564448021826,0.227066,-0.0434933,0.716339
1524564448036901,0.228152,-0.0437955,0.716621
1524564448059927,0.225333,-0.0439569,0.716919
1524564448082018,0.22184,-0.0430728,0.716158
1524564448097059,0.221782,-0.0417771,0.715374
1524564448120140,0.225504,-0.0409512,0.715412
1524564448142177,0.227849,-0.0406608,0.715503
1524564448157219,0.225615,-0.0410377,0.715807
1524564448179245,0.224339,-0.0413213,0.716651
1524564448202337,0.225623,-0.0421961,0.717794
1524564448217381,0.22674,-0.0431015,0.718496
1524564448239437,0.226574,-0.043216,0.718874
1524564448271491,0.225811,-0.043499,0.719205
1524564448277539,0.225926,-0.0436135,0.719885
1524564448299600,0.227221,-0.0440222,0.720247
1524564448322644,0.227087,-0.0444206,0.720742
1524564448337666,0.227534,-0.0446394,0.721111
1524564448359759,0.227239,-0.0450943,0.721449
1524564448383788,0.227122,-0.0450512,0.721447
1524564448398859,0.227575,-0.045226,0.721422
1524564448419884,0.227567,-0.0456374,0.721667
1524564448442945,0.226718,-0.0461465,0.721972
1524564448458990,0.225806,-0.0464824,0.72218
1524564448482050,0.225968,-0.0464261,0.722337
1524564448497091,0.226744,-0.0464745,0.722484
1524564448519150,0.227298,-0.0460531,0.722666
1524564448542243,0.227163,-0.0460702,0.723168
1524564448556249,0.226395,-0.0464095,0.724037
1524564448579309,0.226892,-0.0465574,0.724846
1524564448602372,0.228623,-0.0465057,0.725389
1524564448616408,0.22933,-0.046427,0.725833
1524564448639470,0.229223,-0.0464061,0.726997
1524564448661529,0.230607,-0.0466219,0.727672
1524564448682584,0.229824,-0.0466158,0.727919
1524564448699629,0.230335,-0.0462954,0.727946
1524564448721688,0.232004,-0.0464411,0.728245
1524564448735756,0.23177,-0.046354,0.728241
1524564448759789,0.232356,-0.0462049,0.7284
1524564448781848,0.233778,-0.0466475,0.728655
1524564448802939,0.234231,-0.0475541,0.729212
1524564448826967,0.234103,-0.0486382,0.729894
1524564448842009,0.233871,-0.0492952,0.730616
1524564448863063,0.233974,-0.0500856,0.73131
1524564448879106,0.234157,-0.0517176,0.732181
1524564448902168,0.233026,-0.0533742,0.733191
1524564448923223,0.23194,-0.0545497,0.734366
1524564448947288,0.232037,-0.0560693,0.735649
1524564448962329,0.232511,-0.0579772,0.73677
1524564448983384,0.231848,-0.0601251,0.738135
1524564448999427,0.233334,-0.061473,0.739987
1524564449021485,0.237369,-0.0627063,0.741364
1524564449050601,0.239326,-0.0645302,0.742389
1524564449060589,0.237926,-0.0661587,0.743917
1524564449081644,0.234953,-0.0677602,0.74596
1524564449102700,0.23482,-0.0688102,0.747289
1524564449119798,0.236786,-0.0695854,0.748304
1524564449141805,0.237207,-0.0705907,0.749663
1524564449162862,0.237053,-0.0720106,0.750812
1524564449178936,0.235714,-0.0727719,0.751666
1524564449201965,0.23484,-0.0723123,0.751849
1524564449224025,0.235487,-0.0723594,0.752244
1524564449239064,0.23647,-0.0725584,0.752754
1524564449262126,0.235716,-0.0724615,0.753279
1524564449284185,0.234239,-0.0718262,0.752934
1524564449299225,0.233655,-0.0712978,0.752732
1524564449329304,0.235383,-0.0702542,0.752584
1524564449344344,0.237096,-0.0696239,0.752689
1524564449358383,0.236979,-0.0695788,0.752688
1524564449382446,0.235649,-0.0695775,0.75266
1524564449404504,0.234816,-0.0686571,0.752225
1524564449418541,0.235813,-0.0674542,0.752095
1524564449441602,0.237675,-0.0667723,0.752329
1524564449464698,0.238853,-0.0661228,0.752788
1524564449478702,0.237517,-0.0655124,0.753252
1524564449501763,0.238827,-0.0642065,0.753411
1524564449524825,0.241166,-0.063675,0.754291
1524564449538865,0.242016,-0.0632254,0.755269
1524564449561924,0.241476,-0.0622936,0.755917
1524564449584004,0.243471,-0.0605472,0.755583
1524564449607077,0.246759,-0.0589624,0.755713
1524564449622085,0.246704,-0.0574185,0.756131
1524564449644142,0.245433,-0.055994,0.757196
1524564449659182,0.24695,-0.0551831,0.757447
1524564449682243,0.250183,-0.0547347,0.757325
1524564449712324,0.249808,-0.0554314,0.758702
1524564449718338,0.24705,-0.0557915,0.760708
1524564449741401,0.248052,-0.055996,0.761261
1524564449764494,0.251107,-0.0563096,0.761275
1524564449785558,0.251741,-0.0584879,0.762781
1524564449801559,0.252716,-0.059733,0.76319
1524564449824621,0.25769,-0.0601888,0.762424
1524564449845730,0.263762,-0.0613307,0.762577
1524564449861720,0.266973,-0.0623215,0.763196
1524564449884783,0.26899,-0.0625738,0.762933
1524564449905839,0.271958,-0.0627743,0.762444
1524564449921881,0.273518,-0.0635126,0.762245
1524564449943938,0.272444,-0.0645869,0.762638
1524564449964995,0.273167,-0.0650797,0.762187
1524564449982041,0.274402,-0.0649192,0.761292
1524564450004098,0.274174,-0.0644487,0.760552
1524564450025186,0.272669,-0.0645776,0.761029
1524564450049219,0.272437,-0.0645035,0.761169
1524564450064260,0.273077,-0.0641356,0.759628
1524564450085347,0.272957,-0.063059,0.758966
1524564450101359,0.271845,-0.0629027,0.760019
1524564450124419,0.271728,-0.0628573,0.760017
1524564450145476,0.271455,-0.0625003,0.759262
1524564450161518,0.270859,-0.0615893,0.758292
1524564450184580,0.269719,-0.061542,0.759362
1524564450212654,0.269846,-0.0612576,0.759808
1524564450221679,0.269947,-0.0613056,0.759777
1524564450244740,0.268587,-0.0607365,0.759709
1524564450266797,0.267259,-0.0603827,0.75996
1524564450281837,0.267259,-0.0603827,0.75996
1524564450305902,0.266535,-0.0598732,0.760266
1524564450333977,0.265136,-0.0597571,0.760663
1524564450343036,0.263251,-0.0598413,0.761009
1524564450364057,0.260707,-0.0599197,0.76135
1524564450387119,0.258294,-0.0573036,0.761852
1524564450401155,0.258482,-0.0561829,0.761873
1524564450424217,0.254285,-0.0617786,0.76285
1524564450447277,0.257096,-0.0701079,0.763143
1524564450461316,0.257001,-0.0659629,0.763059
1524564450491395,0.251816,-0.0703443,0.763928
1524564450506464,0.250064,-0.0730854,0.763999
1524564450521477,0.247757,-0.0755637,0.76385
1524564450544537,0.24597,-0.0773654,0.763882
1524564450566595,0.24527,-0.0794688,0.764832
1524564450581635,0.244526,-0.0817155,0.766062
1524564450604696,0.242564,-0.0839805,0.76713
1524564450626755,0.242141,-0.0853916,0.767128
1524564450640792,0.243214,-0.0863494,0.767018
1524564450663853,0.243895,-0.0869934,0.766839
1524564450686915,0.243558,-0.0871584,0.767071
1524564450707970,0.242306,-0.086969,0.768403
1524564450724015,0.242677,-0.0874255,0.770639
1524564450747075,0.245033,-0.0878739,0.771671
1524564450769133,0.245872,-0.0878002,0.772494
1524564450784174,0.24768,-0.0862794,0.773317
1524564450807237,0.251868,-0.0841712,0.773462
1524564450828293,0.258666,-0.0812086,0.774
1524564450844335,0.265205,-0.0785769,0.774791
1524564450866392,0.27354,-0.0747998,0.775375
1524564450887448,0.278951,-0.0710449,0.776227
1524564450904495,0.28445,-0.0683612,0.776813
1524564450926552,0.287733,-0.065647,0.77808
1524564450947640,0.290452,-0.0625915,0.778549
1524564450964655,0.294279,-0.0588151,0.779172
1524564450994774,0.300295,-0.0563031,0.780396
1524564451007800,0.30598,-0.0546025,0.781631
1524564451024816,0.309903,-0.0529839,0.782944
1524564451048878,0.312424,-0.0521121,0.78344
1524564451067928,0.31223,-0.0513183,0.783945
1524564451083971,0.311576,-0.0503755,0.784727
1524564451107036,0.310965,-0.0499522,0.785293
1524564451129092,0.308749,-0.0492013,0.785602
1524564451144131,0.304785,-0.0530412,0.786487
1524564451167226,0.301503,-0.0460484,0.786426
1524564451189258,0.301593,-0.0545877,0.786154
1524564451204292,0.302443,-0.0548075,0.786159
1524564451227353,0.301515,-0.0445577,0.784645
1524564451249412,0.300373,-0.0461241,0.782355
1524564451270468,0.300359,-0.0450156,0.780522
1524564451286511,0.299666,-0.0445498,0.778548
1524564451309571,0.298564,-0.0444176,0.776382
1524564451324612,0.297415,-0.04336,0.773556
1524564451346671,0.298608,-0.0425606,0.772099
1524564451369732,0.299651,-0.0429196,0.771696
1524564451374778,0.298878,-0.0437752,0.770764
1524564451390788,0.294481,-0.0446891,0.770187
1524564451411843,0.29425,-0.0446152,0.770325
1524564451434941,0.294774,-0.044327,0.77052
1524564451450948,0.294657,-0.0442064,0.769973
1524564451472005,0.29296,-0.0445063,0.770416
1524564451495065,0.291691,-0.044016,0.77056
1524564451511108,0.291574,-0.0439702,0.770557
1524564451532197,0.291457,-0.0439245,0.770554
1524564451555226,0.290879,-0.0438041,0.77137
1524564451569302,0.291041,-0.0441247,0.772124
1524564451599375,0.289165,-0.0441798,0.772327
1524564451614416,0.286368,-0.0442481,0.773273
1524564451629423,0.286388,-0.0442515,0.774058
1524564451652518,0.287403,-0.0448024,0.774963
1524564451674576,0.285567,-0.0454323,0.775359
1524564451689583,0.284821,-0.0453571,0.776013
1524564451712644,0.285545,-0.0454918,0.775726
1524564451734738,0.287101,-0.0456789,0.776311
1524564451750781,0.284085,-0.0469299,0.77698
1524564451771801,0.282914,-0.0468627,0.777079
1524564451797902,0.28414,-0.0467801,0.776742
1524564451810905,0.285112,-0.046664,0.776767
1524564451831962,0.282436,-0.0470387,0.776907
1524564451855022,0.281818,-0.0468987,0.776764
1524564451877082,0.283438,-0.0468256,0.776307
1524564451892153,0.281715,-0.0467601,0.776105
1524564451915216,0.278204,-0.0472111,0.776326
1524564451931225,0.277773,-0.0466242,0.776252
1524564451952281,0.277889,-0.0466704,0.776255
1524564451974340,0.275765,-0.0469569,0.776015
1524564451992388,0.273638,-0.0469723,0.776593
1524564452012442,0.274369,-0.0468308,0.776401
1524564452034499,0.272558,-0.0463547,0.776393
1524564452051545,0.271185,-0.046156,0.777021
1524564452072601,0.268327,-0.0456741,0.777265
1524564452090650,0.269836,-0.0452647,0.777504
1524564452112709,0.269777,-0.0453965,0.777598
1524564452131758,0.264961,-0.0444827,0.777706
1524564452155823,0.259581,-0.0442951,0.777957
1524564452172868,0.260357,-0.0443523,0.777971
1524564452191918,0.256072,-0.0454289,0.778388
1524564452209968,0.248154,-0.0459169,0.77863
1524564452233028,0.24384,-0.0457022,0.778397
1524564452252078,0.246273,-0.0453143,0.778902
1524564452270128,0.246687,-0.0455968,0.778751
1524564452293190,0.244945,-0.0459637,0.778927
1524564452312239,0.24091,-0.0457296,0.778717
1524564452330287,0.241232,-0.0449304,0.778675
1524564452352345,0.24322,-0.0459952,0.779549
1524564452372399,0.242028,-0.0459109,0.778588
1524564452390448,0.240696,-0.0449193,0.778268
1524564452412507,0.240042,-0.044576,0.778672
1524564452435566,0.240898,-0.0445026,0.779514
1524564452451611,0.24113,-0.0445953,0.779518
1524564452472667,0.23819,-0.0436044,0.779131
1524564452492728,0.239299,-0.0432261,0.779875
1524564452509765,0.240508,-0.0429595,0.781135
1524564452532859,0.240623,-0.0430059,0.781138
1524564452551877,0.239623,-0.0422166,0.781337
1524564452569926,0.239777,-0.0409237,0.782153
1524564452593038,0.241165,-0.0408963,0.783663
1524564452612037,0.23971,-0.0415137,0.783798
1524564452630084,0.238615,-0.0415999,0.783898
1524564452660165,0.233942,-0.0420259,0.784802
1524564452672227,0.231428,-0.0420242,0.785644
1524564452690247,0.228692,-0.0422008,0.78556
1524564452712305,0.232055,-0.0414925,0.785736
1524564452733358,0.234305,-0.0415122,0.785775
1524564452749403,0.233484,-0.0409568,0.786222
1524564452772465,0.235083,-0.0405533,0.785107
1524564452792516,0.236694,-0.0398433,0.784696
1524564452809595,0.236622,-0.0403378,0.784639
1524564452831621,0.234242,-0.0399704,0.784365
1524564452852730,0.236465,-0.0399914,0.783476
1524564452869757,0.236848,-0.0396707,0.782865
1524564452891781,0.237569,-0.0389142,0.78299
1524564452912836,0.237056,-0.0388862,0.783368
1524564452928880,0.238049,-0.0390556,0.783496
1524564452951941,0.239718,-0.0385812,0.783736
1524564452972999,0.239178,-0.0377228,0.785016
1524564452997062,0.236528,-0.0372248,0.787638
1524564453012102,0.23791,-0.0378982,0.789485
1524564453034160,0.240956,-0.0381389,0.791833
1524564453049199,0.244743,-0.0378138,0.793449
1524564453072295,0.246674,-0.0382483,0.796678
1524564453094319,0.24059,-0.0406717,0.801285
1524564453109359,0.237072,-0.0422544,0.804469
1524564453131450,0.238296,-0.0448838,0.806377
1524564453154481,0.242283,-0.047296,0.808617
1524564453169551,0.241422,-0.0500487,0.810037
1524564453191578,0.231963,-0.0520079,0.808103
1524564453214641,0.240549,-0.0507614,0.80402
1524564453235726,0.259022,-0.050442,0.79885
1524564453251739,0.269681,-0.0521096,0.793875
1524564453274799,0.261187,-0.0518384,0.788016
1524564453295856,0.258,-0.0503945,0.781577
1524564453311898,0.26509,-0.0478624,0.774874
1524564453333957,0.276947,-0.0462468,0.770696
1524564453355012,0.274324,-0.047577,0.768032
1524564453387098,0.256518,-0.0488783,0.763621
1524564453394116,0.259037,-0.0470007,0.760837
1524564453415172,0.275749,-0.046049,0.756423
1524564453432219,0.267303,-0.0477977,0.754362
1524564453454276,0.246471,-0.0491778,0.75455
1524564453475366,0.257212,-0.0477798,0.753686
1524564453492378,0.274272,-0.0485105,0.752876
1524564453514437,0.26412,-0.049643,0.752042
1524564453542542,0.254464,-0.0499537,0.752413
1524564453552538,0.263701,-0.0483042,0.751281
1524564453574599,0.261734,-0.0495552,0.75067
1524564453595652,0.254336,-0.0501695,0.750539
1524564453611695,0.261334,-0.0481431,0.750145
1524564453634756,0.272834,-0.0457743,0.748938
1524564453656817,0.264161,-0.0443408,0.746192
1524564453671856,0.256952,-0.0438145,0.745808
1524564453693915,0.265487,-0.0411446,0.744276
1524564453722993,0.270056,-0.0369211,0.74099
1524564453732016,0.26307,-0.0366647,0.742647
1524564453754074,0.257143,-0.0370827,0.740403
1524564453775162,0.263698,-0.0334889,0.736964
1524564453792177,0.264634,-0.0327228,0.736434
1524564453822289,0.254427,-0.0330526,0.735002
1524564453843365,0.259897,-0.0302897,0.733002
1524564453852345,0.260167,-0.0289057,0.732819
1524564453874395,0.252923,-0.0290516,0.731086
1524564453895482,0.258655,-0.0276359,0.728697
1524564453911547,0.268071,-0.0268141,0.728998
1524564453934554,0.260423,-0.029675,0.72994
1524564453956614,0.249867,-0.0302128,0.727811
1524564453971654,0.255926,-0.0277393,0.727386
1524564454001734,0.262866,-0.0258495,0.731694
1524564454016774,0.254403,-0.0280021,0.731795
1524564454030844,0.245725,-0.0263412,0.729448
1524564454054876,0.254466,-0.0245003,0.733018
1524564454076933,0.259562,-0.0258402,0.731321
1524564454099994,0.254921,-0.0253061,0.724902
1524564454114033,0.257112,-0.0232784,0.724186
1524564454137093,0.266204,-0.0228346,0.723516
1524564454158150,0.260022,-0.0230939,0.719424
1524564454174192,0.259149,-0.0206434,0.717332
1524564454197254,0.260777,-0.0208164,0.71697
1524564454218309,0.262277,-0.0202052,0.712265
1524564454234353,0.252559,-0.020586,0.71276
1524564454256412,0.255353,-0.0216548,0.7139
1524564454285487,0.265118,-0.0218488,0.709788
1524564454294543,0.252518,-0.0213564,0.708719
1524564454324625,0.241646,-0.0220663,0.713113
1524564454337627,0.252623,-0.0230113,0.710118
1524564454354672,0.263923,-0.0208196,0.706456
1524564454377735,0.246683,-0.0218062,0.711738
1524564454397787,0.24252,-0.0231308,0.711713
1524564454414833,0.262053,-0.0205562,0.706668
1524564454436891,0.259787,-0.018585,0.707125
1524564454457947,0.24602,-0.0185506,0.710801
1524564454473989,0.25313,-0.0176368,0.70958
1524564454497051,0.261824,-0.0170132,0.707412
1524564454518106,0.253973,-0.0159361,0.708259
1524564454534150,0.248453,-0.0163615,0.712191
1524564454557211,0.253648,-0.0171904,0.711771
1524564454578267,0.248006,-0.0173333,0.709831
1524564454600359,0.243437,-0.0162058,0.713343
1524564454616367,0.253035,-0.0162489,0.717383
1524564454637457,0.252617,-0.0179295,0.719396
1524564454654473,0.24088,-0.0205814,0.720366
1524564454676530,0.235854,-0.0228411,0.725309
1524564454697617,0.248409,-0.0223237,0.725016
1524564454721649,0.252264,-0.0194276,0.724857
1524564454736688,0.245068,-0.0158657,0.728686
1524564454757746,0.249015,-0.0128529,0.732525
1524564454774792,0.252796,-0.0116868,0.733602
1524564454796849,0.247021,-0.0094503,0.735618
1524564454817904,0.243725,-0.00671732,0.738705
1524564454834951,0.240167,-0.004138,0.742954
1524564454857009,0.237644,-0.00207585,0.748222
1524564454887088,0.238234,-0.00269574,0.754795
1524564454894107,0.242339,-0.00438753,0.760747
1524564454917202,0.244335,-0.00534224,0.766291
1524564454941234,0.245776,-0.00639729,0.772197
1524564454954268,0.246558,-0.00845852,0.778606
1524564454976326,0.245232,-0.0111712,0.785546
1524564454999386,0.242681,-0.0139423,0.792848
1524564455013424,0.243671,-0.016466,0.800061
1524564455036486,0.247274,-0.0196989,0.807025
1524564455059547,0.246971,-0.0239692,0.814304
1524564455080603,0.245037,-0.0280494,0.820157
1524564455096645,0.242741,-0.032204,0.824829
1524564455119743,0.237912,-0.0361666,0.828376
1524564455140764,0.234806,-0.0382498,0.831258
1524564455163826,0.234327,-0.0394655,0.832991
1524564455178896,0.235458,-0.0402969,0.833479
1524564455193939,0.237173,-0.0404203,0.833813
1524564455223985,0.238655,-0.040431,0.833996
1524564455239024,0.239967,-0.0404748,0.833867
1524564455254065,0.240267,-0.0407012,0.833597
1524564455277126,0.239677,-0.0407857,0.833166
1524564455301189,0.238232,-0.0412851,0.832666
1524564455306203,0.236528,-0.0411448,0.832218
1524564455337307,0.236919,-0.0407866,0.831187
1524564455352327,0.237932,-0.040563,0.830183
1524564455366364,0.23738,-0.040221,0.829386
1524564455388423,0.235411,-0.0400929,0.828952
1524564455411482,0.233318,-0.0399342,0.82863
1524564455426558,0.231987,-0.0398697,0.828434
1524564455448584,0.231873,-0.0398206,0.828432
1524564455471644,0.234105,-0.0393435,0.828562
1524564455502766,0.237338,-0.0390413,0.828712
1524564455508743,0.242581,-0.0381184,0.828593
1524564455531803,0.246747,-0.0378026,0.828494
1524564455552859,0.247925,-0.0383857,0.827006
1524564455568903,0.249207,-0.0375604,0.826595
1524564455591964,0.256047,-0.0391389,0.829907
1524564455613052,0.264213,-0.0410905,0.833344
1524564455629063,0.269179,-0.0426746,0.833578
1524564455642099,0.272508,-0.0436146,0.832646
1524564455673219,0.275364,-0.0441546,0.832292
1524564455688255,0.283419,-0.0448554,0.831994
1524564455702288,0.291501,-0.0453457,0.83023
1524564455724316,0.293126,-0.0454215,0.827862
1524564455748379,0.287568,-0.0456781,0.827028
1524564455762416,0.288677,-0.0457054,0.827647
1524564455784506,0.295827,-0.0462882,0.827432
1524564455807539,0.298136,-0.0470804,0.826094
1524564455823580,0.292953,-0.0480084,0.825049
1524564455844638,0.291902,-0.047631,0.824809
1524564455867696,0.299673,-0.0467567,0.824042
1524564455881735,0.307531,-0.0469752,0.823927
1524564455904831,0.304489,-0.0476279,0.825478
1524564455927890,0.303594,-0.0476373,0.827031
1524564455941896,0.309032,-0.0479112,0.827245
1524564455965959,0.311104,-0.0477197,0.826293
1524564455988016,0.308317,-0.0475617,0.826164
1524564456002087,0.308819,-0.0473955,0.82638
1524564456025117,0.313907,-0.0463797,0.824591
1524564456049182,0.314648,-0.0461092,0.823449
1524564456062215,0.31261,-0.0468442,0.824323
1524564456084273,0.31386,-0.0474091,0.82444
1524564456099312,0.315392,-0.0467567,0.822178
1524564456122373,0.314628,-0.0468705,0.821561
1524564456144432,0.312569,-0.0482461,0.824803
1524564456159473,0.314192,-0.048815,0.824625
1524564456182536,0.308192,-0.0486663,0.821823
1524564456204626,0.299907,-0.0483921,0.820969
1524564456222642,0.302082,-0.0477956,0.821435
1524564456242695,0.306764,-0.0482662,0.82235
1524564456265786,0.306249,-0.0476927,0.820256
1524564456282802,0.304818,-0.0451412,0.817621
1524564456301852,0.302113,-0.0431933,0.816952
1524564456331931,0.298768,-0.0417293,0.81528
1524564456342961,0.296946,-0.0392783,0.811481
1524564456362043,0.294763,-0.0366955,0.80706
1524564456394097,0.290638,-0.0339467,0.805913
1524564456403122,0.285798,-0.0342481,0.805649
1524564456430193,0.283081,-0.0332673,0.80151
1524564456445233,0.285005,-0.0297968,0.796971
1524564456462279,0.2831,-0.0281341,0.798471
1524564456483335,0.278145,-0.0304535,0.796562
1524564456507398,0.28001,-0.0288871,0.790576
1524564456522438,0.281318,-0.0265801,0.789353
1524564456543495,0.279787,-0.0271085,0.790004
1524564456564550,0.276966,-0.028033,0.786157
1524564456595667,0.277403,-0.0262873,0.782924
1524564456603654,0.282242,-0.0242601,0.782773
1524564456624710,0.279034,-0.0253856,0.781254
1524564456642759,0.272874,-0.0254409,0.778053
1524564456664819,0.275444,-0.0232317,0.773782
1524564456684870,0.280256,-0.02135,0.774801
1524564456709938,0.275856,-0.0242154,0.773948
1524564456723976,0.268875,-0.0245912,0.766692
1524564456745030,0.274218,-0.0201961,0.763515
1524564456763110,0.279492,-0.0193794,0.764254
1524564456785137,0.270399,-0.0209097,0.75873
1524564456805191,0.258184,-0.0178004,0.751192
1524564456822237,0.259804,-0.0135288,0.747022
1524564456845298,0.26389,-0.0130761,0.745561
1524564456872368,0.261454,-0.0123631,0.73838
1524564456889414,0.253229,-0.00898898,0.731855
1524564456904456,0.251527,-0.00475343,0.725466
1524564456932529,0.251967,-0.00190242,0.720306
1524564456941554,0.246115,-0.000768721,0.715195
1524564456964615,0.241433,0.00104621,0.707071
1524564456986673,0.242821,0.0042863,0.69994
1524564457001713,0.243345,0.00726961,0.696398
1524564457024776,0.238157,0.00873148,0.688883
1524564457045830,0.231282,0.0132929,0.677374
1524564457061873,0.22937,0.0196046,0.670095
1524564457083931,0.22992,0.0218078,0.668421
1524564457104989,0.227572,0.0200209,0.662495
1524564457122035,0.228706,0.0219583,0.650984
1524564457152114,0.227659,0.0287821,0.64876
1524564457173169,0.221886,0.0271592,0.650469
1524564457182226,0.21644,0.0225726,0.644886
1524564457204253,0.209186,0.023165,0.634796
1524564457233329,0.209116,0.0293741,0.62591
1524564457241393,0.209298,0.0340642,0.624886
1524564457280456,0.202987,0.0306099,0.624196
1524564457285468,0.202336,0.0298665,0.612766
1524564457301524,0.217312,0.0367506,0.59652
1524564457324572,0.221156,0.0489076,0.595709
1524564457345661,0.221891,0.0480505,0.601822
1524564457361671,0.232688,0.040518,0.595619
1524564457384765,0.239947,0.0414274,0.582904
1524564457405822,0.231135,0.0488088,0.580495
1524564457429854,0.224686,0.0467226,0.579495
1524564457443889,0.226807,0.042829,0.571727
1524564457464979,0.223847,0.0473735,0.563528
1524564457481991,0.213591,0.0501518,0.557536
1524564457504050,0.213553,0.0506991,0.549543
1524564457525106,0.215415,0.0551752,0.544298
1524564457542152,0.211188,0.0577197,0.538114
1524564457564212,0.205865,0.0598572,0.528255
1524564457585266,0.205433,0.0645387,0.523032
1524564457601308,0.199557,0.0654075,0.524928
1524564457624370,0.192689,0.0575473,0.519526
1524564457645426,0.18852,0.0566787,0.502738
1524564457661468,0.183155,0.0672985,0.493518
1524564457684530,0.180831,0.0758803,0.496259
1524564457706590,0.176127,0.0688197,0.496438
1524564457721642,0.179455,0.0640563,0.487179
1524564457744690,0.18819,0.0708828,0.475482
1524564457766749,0.193622,0.0838684,0.476931
1524564457780785,0.198678,0.0845036,0.480367
1524564457804852,0.204921,0.078411,0.475304
1524564457826909,0.202982,0.0811996,0.467922
1524564457847997,0.194031,0.087245,0.470526
1524564457864009,0.19034,0.0819157,0.470595
1524564457887102,0.193533,0.0756119,0.46332
1524564457908126,0.190768,0.0804445,0.457096
1524564457932222,0.179005,0.0844794,0.460943
1524564457947263,0.176918,0.075836,0.458318
1524564457968286,0.186498,0.0738113,0.447361
1524564457984327,0.187766,0.0856945,0.447897
1524564458006417,0.176561,0.0851338,0.459705
1524564458027475,0.175297,0.07189,0.457224
1524564458044488,0.18148,0.070682,0.447004
1524564458066546,0.176245,0.0820053,0.452331
1524564458087601,0.164766,0.0765749,0.460572
1524564458104648,0.168081,0.0638398,0.454065
1524564458126710,0.175966,0.0688969,0.445533
1524564458147761,0.171789,0.0806879,0.456472
1524564458164808,0.166778,0.0723935,0.458037
1524564458186866,0.176998,0.0659764,0.449202
1524564458208925,0.180699,0.0769557,0.45399
1524564458224001,0.168992,0.0748325,0.462431
1524564458247026,0.167905,0.0634255,0.455015
1524564458268116,0.176955,0.0682949,0.445519
1524564458284125,0.176415,0.0808483,0.455382
1524564458307186,0.161048,0.0720634,0.458191
1524564458328276,0.168266,0.060844,0.446625
1524564458344285,0.178385,0.0735439,0.445099
1524564458373361,0.169109,0.0771093,0.45521
1524564458388402,0.158524,0.0642828,0.451976
1524564458410495,0.170044,0.0621408,0.441064
1524564458426504,0.172735,0.0763985,0.44896
1524564458447559,0.156831,0.0692708,0.452697
1524564458464606,0.16485,0.0601896,0.438869
1524564458487704,0.182545,0.0781831,0.440139
1524564458507751,0.172781,0.0836376,0.451145
1524564458523762,0.159431,0.0688751,0.446526
1524564458546824,0.172681,0.0714244,0.43704
1524564458567879,0.190409,0.0914921,0.448444
1524564458583954,0.171081,0.0857126,0.460424
1524564458606985,0.169465,0.0683684,0.448399
1524564458628094,0.186389,0.0801947,0.442088
1524564458652135,0.190683,0.0965636,0.460692
1524564458667145,0.179894,0.0833929,0.467185
1524564458689204,0.172369,0.0708086,0.463491
1524564458704244,0.175469,0.0758804,0.463516
1524564458727324,0.178253,0.0840811,0.466517
1524564458749364,0.1727,0.0868326,0.475635
1524564458763400,0.164981,0.085155,0.487734
1524564458786490,0.169436,0.0810607,0.498973
1524564458816543,0.181225,0.0766967,0.511551
1524564458830578,0.190998,0.0723009,0.524528
1524564458846622,0.197971,0.069991,0.536637
1524564458869718,0.20415,0.0691565,0.549542
1524564458890739,0.208481,0.0683431,0.563017
1524564458906782,0.209258,0.0672407,0.57622
1524564458929843,0.211363,0.066243,0.589574
1524564458950900,0.211573,0.065585,0.603752
1524564458966942,0.209193,0.0649424,0.619593
1524564458989001,0.205674,0.0614962,0.638213
1524564459012062,0.203557,0.0543015,0.65757
1524564459027156,0.20097,0.0442645,0.677208
1524564459049161,0.199374,0.0342536,0.696876
1524564459070249,0.199278,0.0252461,0.716454
1524564459093278,0.199958,0.0163041,0.735763
1524564459109323,0.198141,0.00641608,0.755212
1524564459130377,0.189707,-0.00397471,0.774615
1524564459146452,0.179713,-0.014048,0.794464
1524564459169480,0.172902,-0.0241704,0.814318
1524564459190577,0.169613,-0.0339164,0.832727
1524564459207619,0.170242,-0.0438173,0.850944
1524564459229641,0.174026,-0.0517746,0.867813
1524564459250729,0.180913,-0.0578202,0.883428
1524564459266740,0.190178,-0.0636561,0.897655
1524564459289802,0.198662,-0.0676796,0.909889
1524564459317875,0.204649,-0.0708932,0.920135
1524564459333918,0.208886,-0.072843,0.927723
1524564459348991,0.211434,-0.0729293,0.934639
1524564459372020,0.218071,-0.0728652,0.941115
1524564459386056,0.230563,-0.0719719,0.947436
1524564459409119,0.245372,-0.069548,0.952352
1524564459430173,0.260871,-0.0655957,0.95635
1524564459446217,0.279486,-0.0614042,0.960499
1524564459469277,0.301726,-0.0573797,0.964712
1524564459490364,0.322226,-0.0537695,0.969849
1524564459506377,0.339824,-0.0496786,0.974403
1524564459529439,0.357747,-0.0453611,0.978759
1524564459550526,0.379932,-0.0412094,0.983468
1524564459566538,0.404347,-0.0374982,0.988986
1524564459596616,0.428662,-0.0342804,0.994679
1524564459610656,0.451831,-0.0315222,0.999862
1524564459626737,0.473165,-0.0302152,1.00602
1524564459664799,0.4929,-0.0288843,1.01308
1524564459671817,0.51454,-0.0276608,1.01979
1524564459685854,0.543497,-0.0270107,1.02381
1524564459708916,0.566554,-0.0278965,1.02901
1524564459731977,0.583423,-0.0290519,1.03331
1524564459746015,0.601465,-0.0325454,1.03413
1524564459769075,0.632119,-0.0356406,1.03168
1524564459792171,0.657315,-0.038828,1.02799
1524564459813224,0.672914,-0.0439184,1.02111
1524564459829235,0.694762,-0.0473859,1.01126
1524564459852350,0.714414,-0.051518,1.00523
1524564459874355,0.719302,-0.0537812,0.998423
1524564459889395,0.728007,-0.0561757,0.989982
1524564459911485,0.740893,-0.0579863,0.983088
1524564459933513,0.747331,-0.0579819,0.978127
1524564459935518,0.745453,-0.0559677,0.970945
1524564459954568,0.750811,-0.0540529,0.964583
1524564459977630,0.759078,-0.0514394,0.960836
1524564459994676,0.761781,-0.0488729,0.952954
1524564460014763,0.7585,-0.044264,0.945822
1524564460039828,0.759513,-0.0408687,0.941998
1524564460054835,0.769817,-0.0388422,0.936982
1524564460074888,0.773834,-0.0360163,0.931028
1524564460096947,0.763989,-0.0364201,0.928451
1524564460114995,0.756295,-0.0384415,0.924927
1524564460135048,0.765089,-0.0350524,0.918713
1524564460157106,0.758344,-0.0323323,0.913121
1524564460175155,0.75139,-0.0316383,0.909345
1524564460202227,0.759015,-0.0294961,0.905985
1524564460217267,0.762665,-0.0269112,0.903857
1524564460233309,0.75134,-0.027672,0.899909
1524564460254365,0.747326,-0.0250332,0.892347
1524564460277427,0.761602,-0.0211107,0.886792
1524564460293471,0.765987,-0.0198122,0.885905
1524564460317534,0.755078,-0.0172446,0.878418
1524564460337587,0.75866,-0.0104945,0.871129
1524564460353631,0.756368,-0.0080176,0.872993
1524564460374685,0.745887,-0.00753079,0.872183
1524564460396744,0.736533,-0.0029735,0.868665
1524564460413791,0.735814,0.000355601,0.87213
1524564460434846,0.729024,-0.000107169,0.878956
1524564460456960,0.723565,0.000209689,0.874207
1524564460480969,0.725326,0.00619225,0.866854
1524564460495005,0.72073,0.008599,0.868553
1524564460517064,0.714816,0.00523452,0.871674
1524564460534112,0.717621,0.00430295,0.867222
1524564460555168,0.72386,0.00795887,0.86051
1524564460577226,0.720659,0.0118931,0.85972
1524564460595274,0.714686,0.0101292,0.863733
1524564460614358,0.714835,0.0077207,0.861134
1524564460637384,0.729387,0.0120176,0.855304
1524564460655432,0.732687,0.0149528,0.857331
1524564460674519,0.719179,0.00957659,0.856572
1524564460697576,0.726054,0.0134252,0.852252
1524564460715594,0.736694,0.0181787,0.853141
1524564460734644,0.726212,0.0163439,0.854531
1524564460759748,0.719435,0.0154603,0.851696
1524564460774787,0.728405,0.0193334,0.851205
1524564460794839,0.733054,0.0184869,0.85518
1524564460816895,0.718395,0.0138729,0.85149
1524564460834911,0.72507,0.0164052,0.843195
1524564460854999,0.735581,0.019994,0.84333
1524564460877024,0.724691,0.0152898,0.844702
1524564460895072,0.714321,0.0140488,0.839262
1524564460915125,0.720059,0.0156353,0.837015
1524564460937182,0.727263,0.0159835,0.838982
1524564460955271,0.717761,0.0133365,0.837888
1524564460974316,0.716245,0.0166712,0.833747
1524564460992329,0.72191,0.0207353,0.836154
1524564461015424,0.716718,0.0162119,0.838374
1524564461036447,0.711226,0.0163757,0.83093
1524564461057538,0.720313,0.0226278,0.825625
1524564461075550,0.72415,0.0252069,0.829571
1524564461094603,0.713594,0.0196296,0.829716
1524564461117681,0.71979,0.0229008,0.82279
1524564461134708,0.736519,0.0314022,0.819843
1524564461154792,0.730887,0.0333446,0.822546
1524564461172846,0.71616,0.0298196,0.819537
1524564461194868,0.730494,0.0350578,0.81391
1524564461215924,0.748391,0.0422663,0.815963
1524564461237982,0.733228,0.0386069,0.820338
1524564461254026,0.719795,0.0322344,0.817278
1524564461275080,0.740355,0.0383564,0.812609
1524564461298176,0.753681,0.042069,0.818028
1524564461315220,0.728234,0.0320518,0.825965
1524564461335274,0.712645,0.0249236,0.821461
1524564461351285,0.744155,0.0315804,0.816045
1524564461374345,0.752434,0.0347191,0.820972
1524564461395433,0.725977,0.0280023,0.825709
1524564461411445,0.727031,0.0255881,0.826398
1524564461434538,0.757275,0.0315001,0.827604
1524564461455562,0.762198,0.0327281,0.830321
1524564461471641,0.745601,0.0288629,0.832641
1524564461494667,0.740726,0.0264349,0.832212
1524564461515752,0.741939,0.0295885,0.827382
1524564461537811,0.739114,0.04006,0.815622
1524564461554827,0.746322,0.0530533,0.8095
1524564461576886,0.742765,0.0571076,0.817107
1524564461591924,0.72669,0.051864,0.824569
1524564461614008,0.717069,0.0447354,0.827241
1524564461637096,0.711242,0.038904,0.828201
1524564461651083,0.700616,0.0341718,0.828066
1524564461674143,0.682556,0.0306856,0.828298
1524564461704222,0.661422,0.0278175,0.828383
1524564461718261,0.632023,0.0210928,0.829133
1524564461734303,0.606616,0.0120967,0.829863
1524564461757364,0.587975,0.00384215,0.829316
1524564461778422,0.569649,-0.00637372,0.826675
1524564461794464,0.548724,-0.0185237,0.822389
1524564461817526,0.519547,-0.0302176,0.819166
1524564461837612,0.489615,-0.0403405,0.81504
1524564461854622,0.465176,-0.0488306,0.810219
1524564461884702,0.440936,-0.0593472,0.804793
1524564461897772,0.415246,-0.071254,0.799893
1524564461914783,0.386172,-0.0819889,0.796084
1524564461943860,0.356639,-0.0912988,0.792766
1524564461957931,0.329998,-0.100829,0.789722
1524564461979955,0.302307,-0.11087,0.788079
1524564461997002,0.275549,-0.119188,0.785787
1524564462018091,0.254408,-0.123792,0.782738
1524564462034101,0.243955,-0.127222,0.779838
1524564462057200,0.241012,-0.130897,0.778856
1524564462078252,0.238699,-0.133975,0.779289
1524564462094266,0.236415,-0.139209,0.780713
1524564462116320,0.230738,-0.145189,0.782442
1524564462145397,0.224368,-0.149922,0.784107
1524564462154420,0.220902,-0.154015,0.785729
1524564462176480,0.220741,-0.157236,0.787354
1524564462197536,0.222954,-0.160896,0.788742
1524564462221599,0.228824,-0.163131,0.790666
1524564462236639,0.235579,-0.164476,0.792879
1524564462257726,0.241366,-0.16595,0.794151
1524564462273739,0.245739,-0.168706,0.794733
1524564462296800,0.248801,-0.172957,0.795592
1524564462317855,0.253356,-0.178188,0.796022
1524564462333934,0.255251,-0.182397,0.796382
1524564462356960,0.25252,-0.186273,0.794671
1524564462385034,0.247648,-0.189438,0.793399
1524564462394058,0.247423,-0.191779,0.791992
1524564462424137,0.250399,-0.193933,0.790056
1524564462438177,0.255382,-0.194806,0.788145
1524564462454219,0.262012,-0.195748,0.788043
1524564462477280,0.266177,-0.198251,0.789932
1524564462498334,0.26942,-0.200647,0.791832
1524564462520394,0.273923,-0.202056,0.793413
1524564462536436,0.279164,-0.20295,0.794698
1524564462559499,0.283875,-0.204456,0.796932
1524564462574539,0.287471,-0.206669,0.798971
1524564462596597,0.289949,-0.208222,0.799409
1524564462619658,0.293742,-0.207923,0.798997
1524564462634752,0.299037,-0.207932,0.798923
1524564462656757,0.301487,-0.20817,0.799463
1524564462679819,0.301271,-0.207948,0.800165
1524564462701876,0.300286,-0.207348,0.800693
1524564462716916,0.301891,-0.207049,0.801075
1524564462738975,0.306512,-0.207629,0.801202
1524564462754015,0.310845,-0.208899,0.802114
1524564462777077,0.310657,-0.210893,0.803826
1524564462799135,0.308201,-0.213619,0.806041
1524564462814176,0.304943,-0.21692,0.808947
1524564462838240,0.301107,-0.220658,0.811306
1524564462860309,0.294672,-0.223153,0.81327
1524564462873333,0.28837,-0.224699,0.81494
1524564462896395,0.28434,-0.225398,0.816024
1524564462926475,0.277638,-0.22523,0.818176
1524564462933493,0.272514,-0.218934,0.821187
1524564462956554,0.273149,-0.225462,0.823687
1524564462979615,0.277728,-0.219047,0.825156
1524564462993655,0.275607,-0.209071,0.827261
1524564463016715,0.276563,-0.210158,0.828587
1524564463039777,0.277337,-0.208922,0.829506
1524564463060833,0.278872,-0.208477,0.829886
1524564463076874,0.278918,-0.208365,0.829893
1524564463098934,0.280194,-0.208204,0.830256
1524564463120021,0.280127,-0.208612,0.831191
1524564463137035,0.276714,-0.209492,0.831935
1524564463159093,0.273052,-0.210323,0.832267
1524564463180148,0.268863,-0.211763,0.83288
1524564463196223,0.26383,-0.212712,0.832918
1524564463219253,0.258573,-0.213521,0.832675
1524564463240344,0.253746,-0.214361,0.832324
1524564463257354,0.249956,-0.214646,0.832231
1524564463279414,0.247945,-0.214251,0.832078
1524564463300470,0.247992,-0.214139,0.832083
1524564463316513,0.247767,-0.213399,0.832306
1524564463339609,0.2488,-0.211597,0.832374
1524564463359625,0.251533,-0.210606,0.832739
1524564463376673,0.252438,-0.209661,0.833431
1524564463399734,0.25206,-0.207971,0.834008
1524564463420790,0.254322,-0.20649,0.834297
1524564463436832,0.258189,-0.206356,0.834254
1524564463458890,0.258425,-0.206458,0.834247
1524564463481953,0.255796,-0.206583,0.834094
1524564463496992,0.255673,-0.20713,0.834453
1524564463519052,0.256111,-0.208257,0.835166
1524564463542112,0.254632,-0.209714,0.835797
1524564463557151,0.252633,-0.210497,0.836235
1524564463579211,0.251737,-0.211009,0.836103
1524564463602307,0.249279,-0.211342,0.835916
1524564463617312,0.245297,-0.211426,0.835987
1524564463646423,0.24124,-0.210991,0.836356
1524564463661430,0.239121,-0.21079,0.836888
1524564463676503,0.240286,-0.210882,0.837523
1524564463699531,0.241839,-0.210994,0.837964
1524564463721590,0.242493,-0.210686,0.838354
1524564463736644,0.242924,-0.2103,0.838939
1524564463767712,0.244019,-0.210254,0.838856
1524564463781750,0.244442,-0.210487,0.839075
1524564463810828,0.24459,-0.210399,0.839769
1524564463826869,0.244543,-0.210404,0.840731
1524564463841911,0.245027,-0.210178,0.841275
1524564463855947,0.245852,-0.210166,0.841382
1524564463879009,0.24631,-0.210348,0.841181
1524564463902101,0.24546,-0.210747,0.841057
1524564463916107,0.243423,-0.210751,0.841036
1524564463939168,0.243305,-0.2107,0.84104
1524564463962231,0.24314,-0.21076,0.84104
1524564463983285,0.242969,-0.210839,0.841191
1524564463999328,0.243899,-0.210939,0.840869
1524564464021386,0.244976,-0.211348,0.840379
1524564464042443,0.245394,-0.211333,0.839917
1524564464059489,0.244999,-0.211356,0.839534
1524564464089569,0.244846,-0.211463,0.838992
1524564464102602,0.244422,-0.212181,0.838849
1524564464119648,0.243526,-0.212693,0.838723
1524564464141707,0.243013,-0.212953,0.83845
1524564464162764,0.243951,-0.212745,0.837871
1524564464179809,0.245116,-0.212862,0.837779
